Gender,sentimental;Sentimental;Sentimentalized;sentimentalized,Irelands;ABBESS;THEABBESS,aborted,acoustic,authentic;actual;actually,combined;Combined;combines;compilation;composite;Anthology;anthology,Antoine,Apocalyptic,appearances,architecture,Chapbook;chapbook;bluebook,castle,categorized,centered,chapters,character;characterization;characters,Charles,Barretts;THEHEROINE,containing,Parody;parody;burlesque;caricature;satire;satiric;satirizes;Comic,effects;elements;features;attitudes;episodes;intermittent;methods;overtones;periodic;qualities;scenes;situations;touches;traits;tendencies;strains;devices;Semi;secondary;components,Contemporized,content,descriptions,domestic;Domestic;domesticated,Doppleganger;Double,drama,entanglements,epistolary;Epistolary,essays,explained;Natural;natural;Naturalized;naturalized,family,fantasy,father,Fehmic;FehmicCourt,Fiction;fiction,form;format,fragments,French,futuristic,genealogical,German;Germanic;Rauberroman;Rauberroman;Rauberromantik;Schauerroman;Schauerromantik;Shauerromantik;Ritterroman,Godwin;Godwins,gothic;Gothic,Gothified,Gothicism,Gothics,Grotto,Guilaume,heroine;heroines,Pure;high,historical;Historical;history;History,horrific;horror,terror;terrors,horrorANDterror,ONLYhorror,Ideas;ideas,imitates;imitation;imitations,incest,incident,Irish,Jacobin,JohnMoores;ZELUCO,journalistic;Documentary,main,key,Diderot;LARELIGIEUSE,Lathoms,Lewisite;Lewiss;THEMONK;THEMONKs,legend,Lelands;LONGSWORD,loathsome,Shakespearean;Macbethian,Mackenzies;MANOFFEELING,maiden,Maturins;THEFATALREVENGE;MELMOTHTHEWANDERER,Medieval;medievalism,mode,moderated,modes,Monastic;monastic,monster,didactic;Didactic;didactit;moralized;Polemical;polemical;attack;Political;politics;philosophic;philosophical;Philosophical,didactic;Didactic;didactit;moralized,Polemical;polemical;attack;Political;politics;philosophic;philosophical;Philosophical;Radical;Revolution;revolutionary,Polemical;polemical;attack,Political;politics,philosophic;philosophical;Philosophical,Radical;Revolution;revolutionary,motif;motifs,mysterious,mystery,names,nationalistic,nature,noir;Noir,novella;nouvella;novelette,Novel;novel;novels,novelists,CharlotteSmith;CharlotteSmiths;Smiths;EMMELINE;OLDMANORHOUSE,Orientalized,other,Walpole;OTRANTO;Otrantoesque;THECASTLEOFOTRANTO,passions;feelings,persecuted,picaresque;Picaresque,Pigault,abridgement;compressed;reductions;plagiarism;plagiarisms;plagiarized,pleasures,plotting,principal,procedures,prominent,props,prose,early;emergent;anticipates;first;preGothic;primitive;prototype;prototypical;Prototypical,pseudohistorical;pseudohistory;pseudo medieval,pulp,puzzlements,quality,Quest;quest,Radcliffean;Radcliffes;Mrs.Radcliffe;Mrs.Radcliffes;ROMANCEOFTHEFOREST;THEITALIAN;THEMYSTERIESOFUDOLPHO;Udolphoesque,reactions,Reeve;Reeves;OLDENGLISHBARON,represented,influence;influences,recessant;recessive;residual;residue;reverberations; echoes,revival,Richardsonian,Rochean,roman;Roman;clef,Romance;romance;romantic;romances,ruin;Ruin,sadism,saga,salient,science,search,secret,Seduction,segment,serialized;Serialized;Periodical,serious,Shelleys;ST.IRVYNE,shilling,Shocker;shocker;Schocker,short,social,Sorcerer,based;from;source;sources;taken,Fake;counterfeit;sham;Sham;artificial,spectral;apparitional,speculative,Spenserian,Story;story,straight,sublime,subplots;subspecies,supernatural,Tale;tales,technical,theme,theory,thriller;thrillers,title;titling;titular,toned,SophiaLees;THERECESS,settings;locale;locations;landscapes;scenery;topographies,topographies,Tower,reworked;converted,transformation,translation;translations,tribunal,Turret,twin,types,tyrant,substantial;numerous;excessive;heavily;highly;many;several,few;Marginal;mild;minimal;no;slightly;some;sometimes;subdued,Vampire,Mixed;mixed;multiple;fusion;variable;varieties;variety;various,Vehmgericht,VeitWeber,verse,villain,visitations,volumes,WanderingJew,witchcraft
unknown,,,,,,,,,,,chapbook,,,,,,,,,,,,,,,,,,,,,,,,,,,,,,,,,Gothic,,,,,,,,,,,,,,,,,,,,,,,,,,,,,,,,,,,,,,,,,,,,,,,,,,,,,,,,,,,,,,,,,,,,,,,,,,,,,,,,,,,,,,,,,,,,,,,,,,,,,,,,,,,,,,,,,,,,,,,,,,,,,,,,,,,,,,,,,,,,,,,,,,
unknown,,,,,,,,,,,chapbook,,,,,,,,,,,,,,,,,,,,,,,,,,,,,,,,,Gothic,,,,,,,,,,,,,,imitation,,,,,JohnMoores;ZELUCO,,,,,,,,,,,,,,,,,,,,,,,,,,,,,,,,,,,,,,,,,,,,,,,,,,,,,,,,,,,,,,,,,,,,,,,,,,,,,,,,,,,,,,,,,,,,,,,,,,,,,,,,,,,,,,,,,,,,,,,,,,,,,,,
unknown,,,,,,,,,,,,,,,,,,,,,,,,,,,,,,,,,,,,,,,,,,,,Gothic,,,,,,,Pure;high,,,,,,,imitation,,,,,,,,,,,,,,,,,,,,,,,,,,,,,,,,,,,,,,,,,,,,,,,,,,,,,,,,,,,,,,,,Radcliffean,,,,,,,,,,,,,,,,,,,,,,,,,,,,,,,,,,,,,,,,,,,,,,,,,,,,,,,,,,,,,,,,,,,,
unknown,,,,,,,,,,,Chapbook,,,,,,,,,,,,,,,,,,,,,,,,,,,,,,,,,gothic,,,,,,,,,,,,,,,,,,,,,,,,,,,,,,,,,,,,,monastic,,,,,,,,,,,,,,,,,,,,,,,,,,,,,,,,,,,,,pulp,,,,,,,,,,,,,,,,,,,,,,,,,,,,shocker,,,,,,,,,,,,,,,,,,,,,,,,,,,,,,,,,,,,,,,,,,,,
unknown,,,,,,,,,,,,,,,,,,,,,,,,,,,,,,,,,,,,,,,,,,,,Gothic,,,,,,,Pure;high,,horror,,,horror,,,,,,,,,,,,,,,,,,,,,,mode,,,,,,,,,,,,,,,,,,,,,,,,,,,,,,,,,,,,,,,,,,,,,,,,,,,,,,,,,,,,,,,,,,,,,,,,,,,,,,,,,,,,,,,,,,,,,,,,,,,,,,,,,,,,,,,,
unknown,,,,,,,,,,,,,,,,,,,,,elements,,,,,,,,,,,,,,,,,,,,,,,Gothic,,,,,,,Pure;high,,,terror,,,,,,,,,,,,,,,,,,,,,,,,mode,,,,,,,,,,,,,,,,,,,,,,,,,,,,,,,,,,,,,,,pseudohistory,,,,,,,,,,,,,,,,,,,,,,,,,,,,,,,,,,,,,,,,,,,,,,,,,,,,,,,,,,,,,,,,,,,,,,,,,
unknown,,,,,,,,,,,,,,,,,,,,,,,,,,,,,,,,,,,,,,,,,,,,,Gothified,,,,,,,history,,,,,,,,,,,,,,,,,,,,,,,,,,,,,,,,,,,,,,,,,,,,,,,,,,,,,,,,,,,,,,,,,,,,,,,,,,,,,,,,,,,,,,,,,,,,,,,,,,,,,,,,,,,,,,,,,,,,,,,,,,,,,,,,,,,,,,,,,,
unknown,,,,,,,,,,,,,,,,,,,,,,,,,,,,,,,,,,,,,,,,,,,,Gothic,,,,,,,Pure;high,,,terror,,,,imitation,,,,,,,,,,,,,,,,,,,,mode,,,,,,,,,,,,,,,,,,,,,,,,,,,,,,,,,,,,,,,,,,,,Radcliffean,,,,,,,,,,,,,,,,,,,,,,,,,,,,,,,,,,,,,,,,,,,,,,,,,,,,,,,,,,,,,,,,,,,,
unknown,,,,,,,,,,,,,,,,,,,,,,,,,,,,,,,,,,,,,,,,,,,,Gothic,,,,,,,Pure;high,,,terror,,,,,,,,,,,,,,,,,,,,,,,,mode,,,,,,,,,,,,,,,,,,,,,,,,,,,,,,,,,,,,,,,,,,,,,,,,,,,,,,,,,,,,,,,,,,,,,,,,,,,,,,,,,,,,,,,,,,,,,,,,,,,,,,,,,,,,,,,,
unknown,,,,,,,,,,,Chapbook,,,,,,,,,,,,,,,,,,,,,,,,,,,,,,,Schauerroman,,Gothic,,,,,,,,,,,,,,,,,,,,,,,,,,,,,,,,,,,,,,,,,,,,,,,,,,,,,,,,,,,,,,,,,,,,,,,,,,,,,,,,,,,,,,,,,,,,,,,,,,,,,,,short,,,,,,,,,,,,,,,,,,,,,,,,,,,,,,,,,,,,,,,,,,,
unknown,,,,,,,,,,,,,,,,,,,,,elements,,,,,,,,,,,,,,,,,,,,,Rauberroman,,Gothic,,,,,,,,,,,,,,,,,,,,,,,,,,,,,,,,,,,,,,,,,,,,,,,,,,,,,,,,,,,,,,,,,,,,,,,,,,,,,,Radcliffean,,,,,,,,,,,,,,,,,,,,,,,,,,,,,,,,,,,,,,,,,,,,,,scenery,,,,,,,,,,,,,,,,,,,,,,
unknown,sentimental,,,,,,,,,,,,,,,,,,,,,,,,,,,,,,,,,,,,,,,,,,,Gothic,,,,,,,,,,terror,,,,,,,,,,,,,,,,,,,,,,,,,,modes,,,,,,,,,,,,,,,,,,,,,,,,,,,,,,,,,,,,,,,,,,,,,,,,,,,,,,,,,,,,,,Serialized,,,,,,,,,,,,,,,,,,,,,,,,,,,,,,,,,,,,,,,,,,,,,,,,
unknown,,,,,,,,,,,,,,,,,,,,,,,,,,,,,,,,,,,,,,,,,,,,Gothic,,,,,,,Pure;high,,,terror,,,,,,,,,,,,,,,,,,,,,,,,mode,,,,,,,,,,,,,,,,,,,,,,,,,,,,,,,,,,,,,,,,,,,,,,,,,,,,,,,,,,,,,,,,,,,,,,,,,,,,,,,,,,,,,,,,,,,,,,,,,,,,,,,,,,,,,,,,
unknown,,,,,,,,,,,Chapbook,,,,,,,,,,,,,,,,,,,,,,,,,,,,,,,,,Gothic,,,,,,,,,,,,,,,,,,,,,,,,,,,,,,,,,,,,,,,,,,,,,,,,,,,,,,,,,,,,,,,,,,,,,,,,,,,,,,,,,,,,,,,,,,,,,,,,,,,,,,,,,,,,,,,,,,,,,,,,,,,,,,,,,,,,,,,,,,,,,,,,,,
unknown,,,,,,,,,,,Chapbook,,,,,,,,,,qualities,,,,,,,,,,,,,,,,,,,,,,,Gothic,,,,,,,,,,,,,,,,,,,,,,,,,,,,,,,,,,,,,,,,,,,,,,,,,,,,,,,,,,,,,,,,,,,,,,,,,,,,,,,,,,,,,,,,,,,,,,,,,,,,,shilling,shocker,,,,,,,,,,,,,,,,,,,,,,,,,,,,,,,,,,,,,,,,,,,,
unknown,,,,,,,,,,,,,,,,,,,,,,,,,,,,,,,,,,,,,,,,,,,,Gothic,,,,,,,Pure;high,,horror,,,horror,,,,,,,,,,,,,,,,,,,,,,mode,,,,,,,,,,,,,,,,,,,,,,,,,,,,,,,,,,,,,,,,,,,,,,,,,,,,,,,,,,,,,,,,,,,,,,,,,,,,,,,,,,,,,,,,,,,,,,,,,,,,,,,,,,,,,,,,
unknown,,,,,,,,,,,Chapbook,,,,,,,,,,qualities,,,,,,,,,,,,,,,,,,,,,,,Gothic,,,,,,,,,,,,,,,,,,,,,,,,,,,,,,,,,,,,,,,,,,,,,,,,,,,,,,,,,,,,,,,,,,,,,,,,,,,,,,,,,,,,,,,,,,,,,,,,,,,,,shilling,shocker,,,,,,,,,,,,,,,,,,,,,,,,,,,,,,,,,,,,,,,,,,,,
unknown,,,,,,,,,,,chapbook,,,,,,,,,,,,,,,,,,,,,,,,,,,,,,,,,Gothic,,,,,,,,,,,,,,,,,,,,,,,,,,,,,,,,,,,,,,,,,,,,,,,,,,,,,,,,,,,,,,,,,,,,,,,,,,,,,,,,,,,,,,,,,,,,,,,,,,,,,,,,,,,,,,,,,,,,,,,,,,,,,,,,,,,,,,,,,,,,,,,,,,
unknown,,,,,,,,,,,,,,,,,,,,,,,,,,,,,,,,,,,,,,,,,,,,,Gothified,,,,,,,History,,terror,,,,,,,,,,,,,,,,,,,,,,,,mode,,,,,,,,,,,,,,,,,,,,,,,,,,,,,,,,,,,,,,,,,,,,,,,,,,,,,,,,,,,,,,,,,,,,,,,,,,,,,,,,,,,,,,,,,,,,,,,,,,,,,,,,,,,,,,,,
unknown,,,,,,,,,,,,,,,,,,,,,,,,,,,,,,,,,,,,,,,,,,,,Gothic,,,,,,,Pure;high,,horror,,,horror,,,,,,,,,,,,,,,,,,,,,,mode,,,,,,,,,,,,,,,,,,,,,,,,,,,,,,,,,,,,,,,,,,,,,,,,,,,,,,,,,,,,,,,,,,,,,,,,,,,,,,,,,,,,,,,,,,,,,,,,,,,,,,,,,,,,,,,,
unknown,,,,,,,,,,,,,,,,,,,,,,,,,,,,,,,,,,,,,,,,,,,,,Gothified,,,,,,,history,,,,,,imitation,,,,,,,,,,,,,,,,,,,,,,,,,,,,,,,,,,,,,,,,,,,,,,,,,,,,,,,,,,,,,,,,,,Reeves;OLDENGLISHBARON,,,,,,,,,,,,,,,,,,,,,,,,,,,,,,,,,,,,,,,,,,,,,,,,,,,,,,,,,,,,,,,,,,
unknown,,,,,,,,,,,,,,,,,,,,,,,,,,,,,,,,,,,,,,,,,,,,Gothic,,,,,,,Pure;high,,horror,terror,horror-terror,,,,,,,,,,,,,,,,,,,,,,,,,modes,,,,,,,,,,,,,,,,,,,,,,,,,,,,,,,,,,,,,,,,,,,,,,,,,,,,,,,,,,,,,,,,,,,,,,,,,,,,,,,,,,,,,,,,,,,,,,,,,,,,,,,,,,,,,,
unknown,,,,,,,,,,,,,,,,,,,,,,,,,,,,,,,,,,,,,,,,,,,,Gothic,,,,,,,Pure;high,,,terror,,,,,,,,,,,,,,,,,,,,,,,,mode,,,,,,,,,,,,,,,,,,,,,,,,,,,,,,,,,,,,,,,,,,,,Udolphoesque,,,,,,revival,,,,,,,,,,,,,,,,,,,,,,,,,,,,,,,,,,,,,,,,,,,,,,,,,,,,,,,,,,,,,,
unknown,,,,,,,,,,,chapbook,,,,,,,,,,,,,,,,,,,,,,,,,,,,,,,,,Gothic,,,,,,,,,,,,,,,,,,,,,,,,,,,,,,,,,,,,,,,,,,,,,,,,,,,,,,,,,,,,,,,,,,,principal,,,,,,,,,,,,,Reeves;OLDENGLISHBARON,,,,,,,,,,,,,,,,,,,,,,,,,,source,,,,,,,,,,,,,,,,,,,,,,,,,,,,,,,,,,,,,,,,
unknown,,,,,,,,,,,,,,,,,,,,,,,,,,,,,,,,,,,,,,,,,,,,,Gothified,,,,,,,history,,,,,,imitation,,,,,,,,,,,,,,,,,,,,,,,,,,,,,,,,,,,,,,,,,,,,,OTRANTO,,,,,,,,,,,,,,,,,,,,,,,,,,,,,,,,,,,,,,,,,,,,,,,,,,,,,,,,,,,,,,,,,,,,,,,,,,,,,,,,,,,,,,,
unknown,,,,,,,,,,,,,,,,,,,,,,,,,,,,,,,,,,,,,,,,,,,,Gothic,,,,,,,Pure;high,,,,,,,,,,,,,,,,,,,,,,,,,,,,,,,,,,,,,,,,,,,,,,,,,,,,,,,,,,,,,,,,,,,,,,,,,,,,,,,,,,,,,,,,,,,,,,,,,,,,sham,,,,,,,,,,,,,,,,,,,,,,translation,,,,,,,,,,,,,,,,,
unknown,,,,,,,,,,,chapbook,,,,,,,,,,elements,,,,,,,,,,,,,,,,,,,,,,,Gothic,,,,,,,,,,,,,,,,,,,,,,,,,,,,,,,,,,,,,,,,,,,,,,,,,,,,,,,,,,,,,,,,,,,,,prominent,,,,,,,,,Radcliffean,,,,,,,,,,,,,,,,,,,,,,,,,,,,,,,,,,,,,,,,,,,,,,,,,,,,,,,,,,,,,,,,,,,,
unknown,,,,,,,,,,,,,,,,,,,,,,,,,,,,,,,,,,,,,,,,,,,,Gothic,,,,,,,Pure;high,,,terror,,,,,,,,,,,,,,,,,,,,,,,,mode,,,,,,,,,,,,,,,,,,,,,,,,,,,,,,,,,,,,,,,,,,,,,,,,,,,,,,,,,,,,,,,,,,,,,,,,,,,,,,,,,,,,,,,,,,,,,,,,,,,,,,,,,,,,,,,,
unknown,,,,,,,,,,,chapbook,,,,,,,,,,,,,,,,,,,,,,,,,,,,,,,,,Gothic,,,,,,,,,,,,,,,,,,,,,,,,,,,,,,,,,,,,,,,,,,,,,,,,,,,,,,,,,,,,,,,,,,,,,,,,,,,,,,,,,,,,,,,,,,,,,,,,,,,,,,,,,,,,,,,,,,,,,,,,,,,,,,,,,,,,,,,,,,,,,,,,,,
unknown,,,,,,,,,,,,,,,,,,,,,,,,,,,,,,,,,,,,,,,,,,,,Gothic,,,,,,,,history,,terror,,,,,,,,,,,,,,,,,,,,,,,,mode,,,,,,,,,,,,,,,,,,,,,,,,,,,,,,,,,,,,,,,,,,,,,,,,,,,,,,,,,,,,,,,,Serialized,,,,,,,,,,,,,,,,,,,,,,,,,,,,,,,,,,,,,,,,,,,,,,,,
unknown,,,,,,,,,,,,,,,,,,,,,,,,,,,,,,,,,,,,,,,,,,,,,,,,,,,,,,,,,,,,,,,,,,,,,,,,,,,,,,,,,Monastic,,,,,,,,,,,,,,,,,,,,,,,,,,,,,,,,,,,,,,,,,,,,,,,,,,,,,,,,,,,,,,,,,shocker,,,,,,,,,,,,,,,,,,,,,,,,,,,,,,,,,,,,,,,,,,,,
unknown,sentimental,,,,,,,,,,chapbook,,,,,,,,,,,,,,,,,,,,,,,,,,,,,,,,,Gothic,,,,,,,,,,,,,,,,,,,,,,,,,,,,,,,,,,,,,,,,,,,,,,,,,,,,,,,,,,,,,,,,abridgement,,,,,,,,,,,,,,,,,,,,,,,,,,,,,,,,,,,,,,,,,,,,,,,,,,,,,,,,,,,,,,,,,,,,,,,,,,,,,,,,,,
unknown,,,,,,,,,,,chapbook,,,,,,,,,,,,,,,,,,,,,,,,,,,,,,,,,Gothic,,,,,,,,,,,,,,,,,,,,,,,,,,,,,,,,,,,,,,,,,,,,,,,,,,,,,,,,,,,,,,,,,,,,,,,,,,,,,,,,,,,,,,,,,,,,,,,,,,,,,,,,,,,,,,,,,,,,,,,,,,,,,,,,,,,,,,,,,,,,,,,,,,
unknown,,,,,,,,,,,chapbook,,,,,,,,,,,,,,,,,,,,,,,,,,,,,,,,,Gothic,,,,,,,,,,,,,,,,,,,,,,,,,,,,,,,,,,,,,,,,,,,,,,,,,,,,,,,,,,,,,,,,,,,,,,,,,,,,,,,,,,,,,,,,,,,,,,,,,,,,,,,,,,,,,,,,,,,,,,,,,,,,,,,,,,,,,,,,,,,,,,,,,,
unknown,,,,,,,,,,,,,,,,,,,,,,,,,,,,,,,,,,,,,,,,,,,,Gothic,,,,,,,Pure;high,,,terror,,,,,,,,,,,,,,,,,,,,,,,,mode,,,,,,,,,,,,,,,,,,,,,,,,,,,,,,,,,,,,,,,,,,,,,,,,,,,,,,,,,,,,,,,,,,,,,,,,,,,,,,,,,,,,,,,,,,,,,,,,,,,,,,,,,,,,,,,,
unknown,,,,,,,,,,,,,,,,,,,,,,,,,,,,,,,,,,,,,,,,,,,,Gothic,,,,,,,Pure;high,,horror,,,horror,,,,,,,,,,,,,,,,,,,,,,mode,,,,,,,,,,,,,,,,,,,,,,,,,,,,,,,,,,,,,,,,,,,,,,,,,,,,,,,,,,,,,,,,,,,,,,,,,,,,,,,,,,,,,,,,,,,,,,,,,,,,,,,,,,,,,,,,
unknown,,,,,,,,,,,chapbook,,,,,,,,,,,,,,,,,,,,,,,,,,,,,,,,,Gothic,,,,,,,,,,,,,,imitation,,,,,,,,,,,,,,,,,,,,,,,,,,,,,,,,,,,,,,,,,,,,,THECASTLEOFOTRANTO,,,,,,,,,,,,,,,,,,,,,,,,,,,,,,,,,,,,,,,,,,,,,,,,,,,,,,,,,,,,,,,,,,,,,,,,,,,,,,,,,,,,,,,
unknown,,,,,,,,,,,chapbook,,,,,,,,,,,,,,,,,,,,,,,,,,,,,,,,,Gothic,,,,,,,,,,,,,,,,,,,,,,,,,,,,,,,,,,,,,,,,,,,,,,,,,,,,,,,,,,,,,,,,,,,,,,,,,,,,,,,,,,,,,,,,,,,,,,,,,,,,,,,,,,,,,,,,,,,,,,,,,,,,,,,,,,,,,,,,,,,,,,,,,,
unknown,,,,,,,,,,,,,,,,,,,,,,,,,,,,,,,,,,,,,,,,,,,,Gothic,,,,,,,Pure;high,,,terror,,,,,,,,,,,,,,,,,,,,,,,,mode,,,,,,,,,,,,,,,,,,,,,,,,,,,,,,,,,,,,,,,,,,,,,,,,,,,,,,,,,,,,,,,,,,,,,,,,,,,,,,,,,,,,,,,,,,,,,,,,,,,,,,,,,,,,,,,,
unknown,,,,,,,,,,,chapbook,,,,,,,,,,,,,,,,,,,,,,,,,,,,,,,,,Gothic,,,,,,,,,,,,,,,,,,,,,,,,,,,,,,,,,,,,,,,,,,,,,,,,,,,,,,,,,,,,,,,,,,,,,,,,,,,,,,,,,,,,,,,,,,,,,,,,,,,,,shilling,shocker,,,,,,,,,,,,,,,,,,,,,,,,,,,,,,,,,,,,,,,,,,,,
unknown,,,,,,,,,,,bluebook,,,,,,,,,,,,,,,,,,,,,,,,,,,,,,,,,Gothic,,,,,,,Pure;high,,horror,,,horror,,,,,,,,,,,,,,,,,,,,,,mode,,,,,,,,,,,,,,,,,,,,,,,,,,,,,,,,,,,,,,,,,,,,,,,,,,,,,,,,,,,,,,,,,,,,,,,,,,,,,,,,,,,,,,,,,,,,,,,,,,,,,,,,,,,,,,,,
unknown,,,,,,,,,,,,,,,,,,,,,,,,,,,,,,,,,,,,,,,,,,,,Gothic,,,,,,,Pure;high,,,terror,,,,,,,,,,,,,,,,,,,,,,,,mode,,,,,,,,,,,,,,,,,,,,,,,,,,,,,,,,,,,,,,,,,,,,,,,,,,,,,,,,,,,,,,,,,,,,,,,,,,,,,,,,,,,,,,,,,,,,,,,,,,,,,,,,,,,,,,,,
unknown,,,,,,,,,,,chapbook,,,,,,,,,,,,,,,,,,,,,,,,,,,,,,,,,Gothic,,,,,,,,,,,,,,,,,,,,,,,,,,,,,,,,,,,,,,,,,,,,,,,,,,,,,,,,,,,,,,,,,,,,,,,,,,,,,,,,,,,,,,,,,,,,,,,,,,,,,,,,,,,,,,,,,,,,,,,,,,,,,,,,,,,,,,,,,,,,,,,,,,
unknown,,,,,,,,,,,,,,,,,,,,,,,,,,,,,,,,,,,,,,,,,,,,Gothic,,,,,,,Pure;high,,,terror,,,,,,,,,,,,,,,,,,,,,,,,mode,,,,,,,,,,,,,,,,,,,,,,,,,,,,,,,,,,,,,,,,,,,,,,,,,,,,,,,,,,,,,,,,,,,,,,,,,,,,,,,,,,,,,,,,,,,,,,,,,,,,,,,,,,,,,,,,
unknown,sentimental,,,,,,,,,,,,,,,,,,,,,,,,,,,,,,,,,,,,,,,,,,,Gothic,,,,,,,,,,terror,,,,,,,,,,,,,,,,,,,,,,,,,,modes,,,,,,,,,,,,,,,,,novella,,,,,,,,,,,,,,,,,,,,,,,,,,,,,,,,,,,,,,,,,,,,,Serialized,,,,,,,,,,,,,,,,,,,,,,,,,,,,,,,,,,,,,,,,,,,,,,,,
unknown,,,,,,,,,,,,,,,,,,,,,,,,,,,,,,,,,,,,,,,,,,,,Gothic,,,,,,,,,,,,,,,,,,,,,,,,,THEMONK,,,,,,,,,,,,,,,,,,,,,,,,,,,,novelette,,,,,,,,,,,,,,,,,,,,,,,,,,,,,,,,,,,,,,,,,,,,,,,,,,,,,based,,,,,,,,,,,,,,,,,,,,,,,,,,,,,,,,,,,,,,,,
unknown,,,,,,,,,,,,,,,,,,,,,,,,,,,,,,,,,,,,,,,,,,,,Gothic,,,,,,,Pure;high,,,,,,,,,,,,,,,,,,,,,,,,,,,,,,,,,,,,,,,,,,,,,,,,,,,,,,,,,,,,,,,,,,,,,,,Radcliffes;ROMANCEOFTHEFOREST,,,,,,,,,,,,,,,,,,,,,,,,,,,,based,,,,,,,,,,,,,,,,,,,,,,,,,,,,,,,,,,,,,,,,
unknown,,,,,,,,,,,,,,,,,,,,,,,,,,,,,,,,,,,,,,,,,,,,Gothic,,,,,,,Pure;high,,horror,terror,horror-terror,,,,,,,,,,,,,,,,,,,,,,,,,modes,,,,,,,,,,,,,,,,,,,,,,,,,,,,,,,,,,,,,,,,,,,,,,,,,,,,,,,,,,,,,,,,,,,,,,,,,,,,,,,,,,,,,,,,,,,,,,,,,,,,,,,,,,,,,,
unknown,,,,,,,,,,,,,,,,,,,,,,,,,,,,,,,,,,,,,,,,,,,,,Gothified,,,,,,,history,,,,,,,,,,,,,,,,,,,,,,,,,,,,,,,,,,,,,,,,,,,,,,,,,,,,,,,,,,,,,,,,,,,,,,,,,,,,,,,,,,,,,,,,,,,,,,,,,,,,,,,,,,,,,,,,,,,,,,,,,,,,,,,,,,,,,,,,,,
unknown,,,,,,,,,,,,,,,,,,,,,,,,,,,,,,,,,,,,,,,,,,,,Gothic,,,,,,,Pure;high,,,terror,,,,,,,,,,,,,,,,,,,,,,,,mode,,,,,,,,,,,,,,,,,,,,,,,,,,,,,,,,,,,,,,,,,,,,,,,,,,,,,,,,,,,,,,,,,,,,,,,,,,,,,,,,,,,,,,,,,,,,,,,,,,,,,,,,,,,,,,,,
unknown,,,,,,,,,,,chapbook,,,,,,,,,,,,,,,,,,,,,,,,,,,,,,,Ra√ºberroman,,Gothic,,,,,,,,,,,,,,,,,,,,,,,,,,,,,,,,,,,,,,,,,,,,,,,,,,,,,,,,,,,,,,,,,,,,,,,,,,,,,,,,,,,,,,,,,,,,,,,,,,,,,,,,,,,,,,,,,,,,,,,,,,,,,,,,,,,,,,,,,,,,,,,,,,
unknown,,,,,,,,,,,bluebook,,,,,,,,,,,,,,,,,,,,,,,,,,,,,,,,,Gothic,,,,,,,,,,,,,,,,,,,,,,,,,,,,,,,,,,,,,,,,,,,,,,,,,,,,,,,,,,,,,,,,,,,,,,,,,,,,,,,,,,,,,,,,,,,,,,,,,,,,,,,,,,,,,,,,,,,,,,,,,,,,,,,,,,,,,,,,,,,,,,,,,,
unknown,,,,,,,,,,,,,,,,,,,,,,,,,,,,,,,,,,,,,,,,,,,,Gothic,,,,,,,Pure;high,,,terror,,,,,,,,,,,,,,,,,,,,,,,,mode,,,,,,,,,,,,,,,,,,,,,,,,,,,,,,,,,,,,,,,,,,,,,,,,,,,,,,,,,,,,,,,,,,,,,,,,,,,,,,,,,,,,,,,,,,,,,,,,,,,,,,,,,,,,,,,,
unknown,,,,,,,,,,,,,,,,,,,,Comic,,,,,,,,,,,,,,,,,,,,,,,,Gothic,,,,,,,,,,,,,,,,,,,,,,,,,,,,,,,,,,,,,,,,,,,,,,,,,,,,,,,,,,,,,,,,,,,,,,,,,,,,,,,,,,,,,,,,,,,,,,,,,,,,,,,,,,,,,,,,,,,,,,,,,,,,,,,,,,,,,,,,,,,,,,,,,,
unknown,,,,,,,,,,,,,,,,,,,,,,,,,,,,,,,,,,,,,,,,,,,,,Gothified,,,,,,,History,,,,,,,,,,,,,,,,,,,,,,,,,,,,,,,,,,,,,,,,,,,,,,,,,,,,,,,,,,,,,,,,,,,,,,,,,,,,,,,,,,,,,,,,,,,,,,,,,,,,,,,,,,,,,,,,,,,,,,,,,,,,,,,,,,,,,,,,,,
unknown,sentimental,,,,,,,,,,,,,,,,,,,,elements,,,,,,,,,,,,,,,,,,,,,,,Gothic,,,,Grotto,,,,,,,,,,,,,,,,,,,,,,,,,,,,,,,,,,,Political,,Political,,Political,,,,,,,,,,,,,,,,,,,,,,,,,,,,,,,,,,,,,,,,,,,,,,,,,,,,,,,,,,,,,,,,,,,,,,,,,,,,,,,,,,,,,,,,,,,,,,,,,,,,,,,
unknown,Sentimental,,,,,,,,,,,,,,,,,,,,,,,,,,,,,,,,,,,,,,,,,,,Gothic,,,,,,,,,,terror,,,,,,,,,,,,,,,,,,,,,,,,mode,,,,,,,,,,,,,,,,,,,,,,,,,,,,,,,,,,,,,,,,,,,,,,,,,,,,,,,,,,,,,,,,,,,,,,,,,,,,,,,,,,,,,,,,,,,,,,,,,,,,,,,,,,,,,,,,
unknown,,,,,,,,,,,,,,,,,,,,,elements,,,,,,,,,,,,,,,,,,,,,Rauberroman,,Gothic,,,,,,,,,,terror,,,,,,,,,,,,,,,,,,,,,,,,mode,,,,,,,,,,,,,,,,,,,,,,,,,,,,,,,,,,,,,,,,,,,,,,,,,,,,,,,,,,,,,,,,,,,,,,,,,,,,,,,,,,,,,,,,,,,,Tower,,,,,,,,,,,,,,,,,,,,
unknown,,,,,,,,,,,chapbook,,,,,,,,,,,,,,,,,,,,,,,,,,,,,,,,,Gothic,,,,,,,,,horror,,,horror,,imitation,,,,,,,,,,,Lewisite,,,,,,,,,,,,,,,,,,,,,,,,,,,,,,,,,,,,,,,,,,,,,,,,,,,,,Radcliffean,,,,,,,,,,,,,,,,,,,,,,,,,,,,,,,,,,,,,,,,,,,,,,,,,,,,,,,,,,some,,,,,,,,,,
unknown,,,,,,,,,,,chapbook,,,,,,,,,,,,,,,,,,,,,,,,,,,,,,,,,Gothic,,,,,,,,,,,,,,,,,,,,,,,,,,,,,,,,,,,,,,,,,,,,,,,,,,,,,,,,,,,,,,,,,,,,,,,,,,,,,,,,,,,,,,,,,,,,,,,,,,,,,,,,,,,,,,,,,,,,,,,,,,,,,,,,,,,,,,,,,,,,,,,,,,
unknown,,,,,,,,,,,chapbook,,,,,,,,,,,,,,,,,,,,,,,,,,,,,,,,,Gothic,,,,,,,,,,,,,,,,,,,,,,,,,,,,,,,,,,,,,,,,,,,,,,,,,,,,,,,,,,,,,,,,,,,,,,,,,,,,,,,,,,,,,,,,,,,,,,,,,,,,,,,,,,,,,,,,,,,,,,,,,,,,,,,,,,,,,,,,,,,,,,,,,,
unknown,Sentimental,,,,,,,,,,,,,,,,,,,,,,,,,,,,,,,,,,,,,,,,,,,Gothic,,,,,,,,,,,,,,imitation,,,,,,,,,,,,,,,,,,,,,,,,,,,,,,,,,,,,,,,,,,Smiths;OLDMANORHOUSE,,,,,,,,,,,,,,,,,,,,,,,,,,,,,,,,,,,,,,,,,,,,,,,,,,,,,,,,,,,,,,,,,,,,,,,,,,,,,,,,,,,,,,,,,,
unknown,,,,,,,,,,,,,,,,,,,,,,,,,,,,,,,,,,,,,,,,,,,,Gothic,,,,,,,Pure;high,,,,,,,imitation,,,,,,,,,,,,,,,,,,,,,,,,,,,,,,,,,,,,,,,,,,,,,,,,,,,,,,,,,,,,,,,,Radcliffean,,,,,,,,,,,,,,,,,,,,,,,,,,,,,,,,,,,,,,,,,,,,,,,,,,,,,,,,,,,,,,,,,,,,
unknown,,,,,,,,,,,,,,,,,,,,,,,,,Domestic,,,,,,,,,,,,,,,,,,,Gothic,,,,,,,,,,,,,,,,,,,,,,,,,,,,,,,,,,,,,,,,,,,,,,,,,,,,,,,,,,,,,,,,,,,,,,,,,,,,,,,,,,,,,,,,,,,,,,,,,,,,,,,,,,,,,,,,,,,,,,,,,,,,,,,,,,,,,,,,,,,,,,,,,,
unknown,,,,,,,,,,,chapbook,,,,,,,,,,,,,,,,,,,,,,,,,,,,,,,,,Gothic,,,,,,,,,horror,terror,horror-terror,,,,,,,,,,,,,,,,,,,,,,,,,modes,,,,,,,,,,,,,,,,,,,,,,,,,,,,,,,,,,,,,,,,,,,,,,,,,,,,,,,,,,,,,,,,,,,,,,,,,,,,,,,,,,,,,,,,,,,,,,,,,,,,,,,,,,,,,,
unknown,,,,,,,,,,,,,,,,,,,,parody,,,,,,,,,,,,,,,,,,,,,,,,Gothic,,,,,,,,,,,,,,,,,,,,,,,,,,,,,,,,,,,,,,,,,,,,,,,,,,,,,,,,,,,,,,,,,,,,,,,,,,,,,,,,,,,,,,,,,,,,,,,,,,,,,,,,,,,,,,,,,,,,,,,,,,,,,,,,,,,,,,,,,,,,,,,,,,
unknown,,,,,,Combined,,,,,,,,,,,,,,,,,,,,,,,,,,,,,,,,,,,,,,,,,,,,,,,,terror,,,,,,,,,,,,,,,,,,,,,,,,mode,,,Monastic,,,,,,,,,,,,,,,Noir,,,,,,,,,,,,,,,,,,,,,,,,,,,,,,,,,,,Roman,,,,,,,,,,,,,,,Shocker,,,,,,,,,,,,,,,,,,,,,,,,,,,,,,,,,,,,,,,,,,,,
unknown,,,aborted,,,,,,,,,,,,,,,,,,,,,,,,,,,,,,,,,,,,,,,,,Gothic,,,,,,,,,,,,,,,,,,,,,,,,,,,,,,,,,,,,,,,,,,,,,,,,,,,,,nouvella,,,,,,,,,,,,,,,,,,,,,,,,,,,,,,,,,,,,,,,,,,,,,Serialized,,,,,,,,,,,,,,,,,,,,,,,,,,,,,,,,,,,,,,,,,,,,,,,,
unknown,,,,,,,,,,,,,,,,,,,,,,,,,,,,,,,,family,,,,,,,,,,,,,Gothified,,,,,,,history,,,,,,,,,,,,,,,,,,,,,,,,,,,,,,,,,,,,,,,,,,,,,,,,,,,,,,,,,,,,,,,,,,,,,,,,,,,,,,,,,,,saga,,,,,,,,,,,,,,,,,,,,,,,,,,,,,,,,,,,,,,,,,,,,,,,,,,,,,,,
unknown,,,,,,,,,,,,,,,,,,,,,elements,,,,,,,,,,,,,,,,,,,,,,,,Gothified,,,,,,,history,,terror,,,,,,,,,,,,,,,,,,,,,,,,,,,,,,,,,,,,,,,,,,,,,,,,,,,,,,,,,,,,,,,,,,,,,,,,,,,,,,,,,,,,,,,,,,,,,,,,,,,,,,,,,,,,,,,,,,,,,,,,,,,,,,,,,,,,,,,,
unknown,,,,,,,,,,,chapbook,,,,,,,,,,elements,,,,,,,,,,,,,,,,,,,,,Shauerromantik,,Gothic,,,,,,,,,,,,,,,,,,,,,,,,,,,,,,,,,,,,,,,,,,,,,,,,,,,,,,,,,,,,,,,,,,,,,,,,,,,,,,,,,,,,,,,,,,,,,,,,,,,,,,,,,,,,,,,,,,,,,,,,,,,,,,,,,,,,,,,,,,,,,,,,,,
unknown,,,,,,,,,,,chapbook,,,,,,,,,,,,,,,,,,,,,,,,,,,,,,,,,Gothic,,,,,,,,,,,,,,,,,,,,,,,,,,,,,,,,,,,,,,,,,,,,,,,,,,,,,,,,,,,,,,,,,,,,,,,,,,,,,,,,,,,,,,,,,,,,,,,,,,,,,,,,,,,,,,,,,,,,,,,,,,,,,,,,,,,,,,,,,,,,,,,,,,
unknown,,,,,,,,,,,bluebook,,,,,,,,,,qualities,,,,,,,,,,,,,,,,,,,,,,,Gothic,,,,,,,Pure;high,,,,,,,,,,,,,,,,,,,,,,,,,,,,,,,,,,,,,,,,,,,,,,,,,,,,,,,,,,,,,,,,,,,,,,,,,,,,,,,,,,,,,,,,,,,,,,,,,,,,,,,,,,,,,,,,,,,,,,,,,,,,,,,,,,,,,,,,,,,
unknown,,,,,,,,,,,bluebook,,,,,,,,,,,,,,,,,,,,,,,,,,,,,,,,,Gothic,,,,,,,,,,,,,,,,,,,,,,,,,,,,,,,,,,,,,,,,,,,,,,,,,,,,,,,,,,,,,,,,,,,,,,,,,,,,,,,,,,,,,,,,,,,,,,,,,,,,,shilling,shocker,,,,,,,,,,,,,,,,,,,,,,,,,,,,,,,,,,,,,,,,,,,,
unknown,,,,,,,,,,,,,,,,,,,,,elements,,,,,,,,,,,,,,,,,,,,,,,Gothic,,,,,,,Pure;high,,,terror,,,,,,,,,,,,,,,,,,,,,,,,mode,,,monastic,,,,,,,,,,,,,,,,,,,,,,,,,,,,,,,,,,,,,,,,,,,,,,,,,,,,,,,,,,,,,,,,,shocker,,,,,,,,,,,,,,,,,,,,,,,,,,,,,,,,,,,,,,,,,,,,
unknown,,,,,,,,,,,chapbook,,,,,,,,,,,,,,,,,,,,,,,,,,,,,,,,,Gothic,,,,,,,,,,,,,,,,,,,,,,,,,,,,,,,,,,,,,,,,,,,,,,,,,,,,,,,,,,,,,,,,,,,,,,,,,,,,,,,,,,,,,,,,,,,,,,,,,,,,,,,,,,,,,,,,,,,,,,,,,,,,,,,,,,,,,,,,,,,,,,,,,,
unknown,,,,,,,,,,,chapbook,,,,,,,,,,,,,,,,,,,,,,,,,,,,,,,,,Gothic,,,,,,,,,,,,,,,,,,,,,,,,,,,,,,,,,,,,,,,,,,,,,,,,,,,,,,,,,,,,,,,,,,,,,,,,,,,,quality,,,,,,,,,,,,,,,,,,,,,,Periodical,,,,,,,,,,,,,,,,,,,,,,thriller,,,,,,,,,,,,,,,,,,,,,,,,,,
unknown,,,,,,,,,,,bluebook,,,,,,,,,,,,,,,,,,,,,,,,,,,,,,,,,Gothic,,,Gothics,,,,,,,,,,,,,,,,,,,,,,,,,,,,,,,,,,,,,,,,,,,,,,,,,,,,,,,,,,,,,plagiarism,,,,,,,,,,,,,,,,,,,,,,,,,,,,,,,,,,,,,,,,,,from,,,,,,,,,,,,,,,,,,,,,,,,,,,,,many,,,variable,,,,,,,,
unknown,,,,,,compilation,,,appearances,,chapbook,,,,,,,,,,,,,,,,,,,,,,,,,,,,,,,,,Gothic,,,,,,,,,,,,,,,,,,,,,,,,,,,,,,,,,,,,,,,,,,,,,,,,,,,,,,,,,,,,,,,,,,,,,,,,,,,,,,,,,,,,,,,,,,,,,,,,,,,,,,,,,,,,spectral,,,,,,,,,,,,,,,,,,,,,,,,,,,,,,,,,,,,,,
unknown,,,,,,,,,,,chapbook;bluebook,,,,,,,,,,,,,,,,,,,,,,,,,,,,,,,,,Gothic,,,,,,,,,,,,,,imitation,,,,,,,,,,,THEMONK,,,,,,,,,,,,,,,,,,,,,,,,,,,,,,,,,,,,,,,reductions,,,,,,,,,,,,,,,,,,,,,,,,,,,,,,,,,,,,,,,,,,,,,,,,,,,,,,,,,,,,,,,,,,,,,,,,,,,,,,,,,,
unknown,,,,,,,Antoine,,,,,,,,,,Charles,,,,,,,,,,,,,,,,,,,,,,French,,,,,,Gothified,,,,Guilaume,,,,,,,,,,,,,,,,,,,,,,,,,,,,,,,,,,,,,,,,,,,,,,,,,,,,,,,,,,Pigault,,,,,,,,,,,,,,,,,,,,,,,,,romance,,,,,,,,,,,,,,,,,,from,,,,,,,,,,,,,,,,,,,,,,,translation,,,,,,,,,,,,,,,,,
unknown,,,,,,,,,,,chapbook,,,,,,,,,,,,,,,,,,,,,,,,,,,,,,,,,Gothic,,,,,,,,,,,,,,,,,,,,,,,,,,,,,,,,,,,,,,,,,,,,,,,,,,,,,,,,,,,,,,,,,,,,,,,,,,,,,,,,,,,,,,,,,,,,,,,,,,,,,,,,,,,,,,,,,,,,,,,,,,,,,,,,,,,,,,,,,,,,,,,,,,
unknown,,,,,,,,,,,,,,,,,,,,,,,,,,,,,,,,,,,,,,,,,,,,,Gothified,,,,,,,history,,,,,,,,,,,,,,,,,,,,,,,,,,,,,,,,,,,,,,,,,,,,,,,,,,,,,,,,,,,,,,,,,,,,,,,,,,,,,,,,,,,,,,,,,,,,,,,,,,,,,,,,,,,,,,,,,,,,,,,,,,,,,,,,,,,,,,,,,,
unknown,,,,,,,,,,,,,,,,,,,,,,,,,,,,,,,,,,,,,,,,,,,,,,,,,,,,,,terror,,,,,,,,,,,,,,,,,,,,,,,,mode,,,,,,,,,,,,,,,,,,,,,,,,,,,,,,,,,,,,,,,,,,,,,,,,,,,,,,Romance,ruin,,,,,,,,,,,,,,,,,,,,,,,,,,,,,,,,,,,,,,,,,,,,,,,,,,,,,,,,,
unknown,,,,,,,,,,,,,,,,,,,,,,,,,,,,,,,,,,,,,,,,,,,,Gothic,,,,,,,Pure;high,,,terror,,,,,,,,,,,,,,,,,,,,,,,,mode,,,,,,,,,,,,,,,,,,,,,,,,,,,,,,,,,,,,,,,,,,,,,,,,,,,,,,,,,,,,,,,,,,,,,,,,,,,,,,,,,,,,,,,,,,,,,,,,,,,,,,,,,,,,,,,,
unknown,,,,,,,,,,,,,,,,,,,,,,,,,,,,,,,,,,,,,,,,,,,,Gothic,,,,,,,Pure;high,,,,,,,imitation,,,,,,,,,,,,,,,,,,,,,,,,,,,,,,,,,,,,,,,,,,,,,,,,,,,,,,,,,,,,,,,,Radcliffean,,,,,,,,,,,,,,,,,,,,,,,,,,,,,,,,,,,,,,,,,,,,,,,,,,,,,,,,,,,,,,,,,,,,
unknown,,,,,,,,,,,,,,,,,,,,,,,,,,,,,,,,,,,,,,,,,,,,Gothic,,,,,,,Pure;high,,horror,terror,horror-terror,,,,,,,,,,,,,,,,,,,,,,,,,modes,,,,,,,,,,,,,,,,,,,,,,,Otrantoesque,,,,,,,,,,,,,,,,,,,,,,,,,,,,,,,,,,,,,,,,,,,,,,,,,,,,,,,,,,,,,,,,,,,,,,,,,,,,,,,,,,,,,,,
unknown,,,,,,,,,,,bluebook,,,,,,,,,,,,,,,,,,,,,,,,,,,,,,,,,Gothic,,,,,,,,,horror,terror,horror-terror,,,,,,,,,,,,,,,,,,,,,,,,,modes,,,,,,,,,,,,,,,,,,,,,,,,,,,,,,,,,,,,,,,,,,,,,,,,,,,,,,,,,,,,,,,,,,,,,,,,,,,,,,,,,,,,,,,,,,,,,,,,,,,,,,,,,,,,,,
unknown,,,,,,,,,,,,,,,,,,,,,,,,,,,,,,,,,,,,,,,,,,,,Gothic,,,,,,,Pure;high,,,,,,,imitation,,,,,,,,,,,,,,,,,,,,,,,,,,,,,,,,,,,,,,,,,,,,,,,,,,,,,,,,,,,,,,,,Radcliffean,,,,,,,,,,,,,,,,,,,,,,,,,,,,,,,,,,,,,,,,,,,,,,,,,,,,,,,,,,,,,,,,,,,,
unknown,,,,,,,,,,,chapbook,,,,,,,,,,,,,,,,,,,,,,,,,,,,,,,,,Gothic,,,,,,,,,,,,,,,,,,,,,,,,,,,,,,,,,,,,,,,,,,,,,,,,,,,,,,,,,,,,,,,,,,,,,,,,,,,,,,,,,,,,,,,,,,,,,,,,,,,,,,,,,,,,,,,,,,,,,,,,,,,,,,,,,,,,,,,,,,,,,,,,,,
unknown,,,,,,,,,,,,,,,,,,,,,,,,,,,,,,,,,,,,,,,,,,,,Gothic,,,,,,,Pure;high,,,,,,,imitation,,,,,,,,,,Lathoms,,,,,,,,,,,,,,,,,,,,,,,,,,,,,,,,,,,,,,,,,,,,,,,,,,,,,,,,,,,,,,,,,,,,,,,,,,,,,,,,,,,,,,,,,,,,,,,,thrillers,,,,,,,,,,,,,,,,,,,,,,,,,,
unknown,,,,,,,,,,,chapbook,,,,,,,,,,,,,,,,,,,,,,,,,,,,,,,,,Gothic,,,,,,,,,,,,,,,,,,,,,,,,,,,,,,,,,,,,,,,,,,,,,,,,,,,,,,,,,,,,,,,,,,,,,,,,,,,,,,,,,,,,,,,,,,,,,,,,,,,,,,,,,,,,,,,,,,,,,,,,,,,,,,,,,,,,,,,,,,,,,,,,,,
unknown,,,,,,,,,,,,,,,,,,,,,,,,,,,,,,,,,,,,,,,,,,,,Gothic,,,,,,,Pure;high,,,,,,,,,,,,,,,,,,,,,,,,,,,,,,,,,,,,,,,,,,,,,,,,,,,,,,,,,,,plotting,,,,,,,,,,,,,,Reeves;OLDENGLISHBARON,,,,,,,,,,,,,,,,,,,,,,,,,,from;taken,,,,,,,,,,,,,,,,,,,,,,,,,,,,,,,,,,,,,,,,
unknown,,,,,,,,,,,,,,,,,,,,,,,,,,,,,,,,,,,,,,,,,,,,,Gothified,,,,,,,history,,,,,,,,,,,,,,,,,,,,,,,,,,,,,,,,,,,,,,,,,,,,,,,,,,,,,,,,,,,,,,,,,,,,,,,,,,,,,,,,,,,,,,,,,,,,,,,,,,,,,,,,,,,,,,,,,,,,,,,,,,,,,,,,,,,,,,,,,,
unknown,,,,,,,,,,,,,,,,,,,,,,,,,,,,,,,,,,,,,,,,,,,,Gothic,,,,,,,Pure;high,,,,,,,imitation,,,,,,,,,,,THEMONK,,,,,,,,,,,,,,,,,,,,,,,,,,,,,,,,,,,,,,,,,,,,,,,,,,,,,,,,,,,,,,,,,,,,,,,,,,,,,,,,,,,,,,,,,,,,,,,,,,,,,,,,,,,,,,,,,,,,,,,,,
unknown,,,,,,,,,,,,,,,,,,,,,overtones,,,,,,,,,,,,,,,,,,,,,,,,Gothified,,,,,,,history,,terror,,,,,,,,,,,,,,,,,,,Macbethian,,,,,mode,,,,,,,,,,,,,,,,,,,,,,,,,,,,,,,,,,,,,,,,,,,,,,,,,,,,,,,,,,,,,,,,,,,,,,,,,,,,,,,,,,,,,,,,,,,,,,,,,,,,,,,,,,,,,,,,
unknown,,,,,,,,,,,bluebook,,,,,,,,,,,,,,,,,,,,,,,,,,,,,,,,,Gothic,,,,,,,,,,,,,,,,,,,,,,,,,,,,,,,,,,,,,,,,,,,,,,,,,,,,,,,,,,,,,,,,,,,,,,,,,,,,,,,,,,,,,,,,,,,,,,,,,,,,,,,,,,,,,,,,,,,,,,,,,,,,,,,,,,,,,,,,,,,,,,,,,,
unknown,,,,,,,,,,,,,,,chapters,,,,,satiric,elements,,,,,,,,,,,,,,,,,,,,,,,Gothic,,,,,,,Pure;high,,,terror,,,,,,,,,,,,,,,,,,,,,,,,mode,,,,,,,,,,,,,,,,,,,,,,,,,,,,,,,,,,,,,,early,,,,,,,,,,,,,,,,,,,,,,,,,,,,,,,,,,,,,,,,,,,,,,,,,,,,,,,,,,,,,,,,,,,,,,,,,,
unknown,,,,,,,,,,,chapbook,,,,,,,,,,,,,,,,,,,,,,,,,,,,,,,,,Gothic,,,,,,,,,,,,,,,,,,,,,,,,,,,,,,,,,,,,,,,,,,,,,,,,,,,,,,,,,,,,,,,,,,,,,,,,,,,,,,,,,,,,,,,,,,,,,,,,,,,,,,,,,,,,,,,,,,,,,,,,,,,,,,,,,,,,,,,,,,,,,,,,,,
unknown,,,,,,,,,,,chapbook,,,,,,,,,,,,,,,,,,,,,,,,,,,,,,,,,Gothic,,,,,,,,,,terror,,,,,,,,,,,,,,,,,,,,,,,,mode,,,,,,,,,,,,,,,,,,,,,,,,,,,,,,,,,,,,,,,,,,,,,,,,,,,,,,,,,,,,,,,,,,,,,,,,,,,,,,,,,,,,,,,,,,,,,,,,,,,,,,,,,,,,,,,,
unknown,,,,,,,,,,,,,,,,,,,,,elements,,,,,,,,,,,,,,,,,,,,,Schauerromantik,,,,,,,,,,,,,,,,,,,,,,,,,,,,,,,,,,,,,,,,,,,,,,,,,,,,,,,,,,,,,,,,,,,,,,,,,,,,,,,,,,,,,,,,,,,,,,,,,,,,,,,,,,,,,Sham,,,,,,,,,,,,,,,,,,,,,,translation,,,,,,,,,,,,,,,,,
unknown,,,,,,,,,,,chapbook,,,,,,,,,,,,,,,,,,,,,,,,,,,,,,,,,Gothic,,,,,,,,,,,,,,,,,,,,,,,,,,,,,,,,,,,,,,,,,,,,,,,,,,,,,,,,,,,,,,,,,,,,,,,,,,,,,,,,,,,,,,,,,,,,,,,,,,,,,,,,,,,,,,,,,,,,,,,,,,,,,,,,,,,,,,,,,,,,,,,,,,
unknown,,,,,,,,,,,,,,,,,,,,,,,,,,,,,,,,,,,,,,,,,,,,Gothic,,,,,,,,,,,,,,,,,,,,,,,,,,,,,,,,,Medieval,,,,,,,,,,,,,,,,,,,,,,,,,,,,,,,,,,,,,,,,,,,,Quest,,,,,,,,,,,,,,,,,,,,,,,,,,,,,,,,,Spenserian,,,,,,,,,,,,,,,,,,,,,,,,,,,,,,,,,,,,
unknown,,,,,,,,,,,,,,,,,,,,,elements,,,,,,,,,,,,,,,,,,,,,Rauberroman,,,,,,,,,,,,,,,,,,,,,,,,,,,,,,,Shakespearean,,,,,,,,,,,,,,,,,,,,,,,,,,,,,,,,,,,,,,,,,,,,,,,,,Radcliffean,,,,,,,,,,,,,,,,,,,,,,,,,,,,,,,,,,,,,,,,,,,,,,,,,,,,,,,,,,,,,,,,,,,,
unknown,sentimental,,,,,,,,,,,,,,,,,,,,elements,,,,,,,,,,,,,,,,,,,,,,,Gothic,,,,,,,Pure;high,,,terror,,,,,,,,,,,,,,,,,,,,,,,,,,,,,,,,,,,,,,,,,,,,,,,,,,,,,,,,,,,,,,,,,,,,,,,,,,,,,,,,,,,,,,,,,,,,,,,,,,,,,,,,,,,,,,,,,,,,,,,,,,,,,,,,,,,,,,,,
unknown,,,,,,,,,,,,,,,,,,,,,,,,,,,,,,,,,,,,,,,,,,,,,,,,,,,,,,terror,,,,,,,,,,,,,,,,,,,,,,,,mode,,,,,,,,,,,,,,,,,,,,,,,,,,,,,,,,,,,,,,,,,,,,,,,,,,,,,,Romance,ruin,,,,,,,,,,,,,,,,,,,,,,,,,,,,,,,,,,,,,,,,,,,,,,,,,,,,,,,,,
unknown,,,,,,,,,,,,,,,,,,,,,,,,,,,,,,,,,,,,,,,,,,,,,,,,,,,,,horror,,,horror,,,,,,,,,,,,,,,,,,,,,,mode,,,,,,,,,,,,,,,,,,,,,,,,,,,,,,,,,,,,,,,,,,,,,,,,,,,,,,Romance,Ruin,,,,,,,,,,,,,,,,,,,,,,,,,,,,,,,,,,,,,,,,,,,,,,,,,,,,,,,,,
unknown,,,,,,,,,,,,,,,,,,,,,elements,,,,,,,,,,,,,,,,,,,,,,,Gothic,,,,,,,,,,terror,,,,,,,,,,,,,,,,,,,,,,,,mode,,,,,,,,,,,,,,,,,,,,,,,,,,,,,,,,,,,,,,,,,,,,Radcliffean,,,,,,,,,,,,,,,,,,,,Serialized,,,,,,,,,,,,,,,,,,,,,,,,,,,,,,,,,,,,,,,,,,,,,,,,
unknown,Sentimental,,,,,,,,,,,,,,,,,,,,features,,,,,,,,,,,,,,,fiction,,,,,,,,,,,,,,,,,,,,,,,,,,,,,,,,,,,,,,Mackenzies;MANOFFEELING,,,,,,,,,,,,,,,,,,,,,,,,,,,,,,,,,,,,,,,,,,,,,,,,,,,,,,,,,,,,,,,,,,,,,,,,,,,,from,,,,,,,,,,,,,,,,,,,,,,,,,,,,,,,,,,,,,,,,
unknown,,,,,,,,,,,Chapbook,,,,,,,,,,,,,,,,,,,,,,,,,,,,,,,,,Gothic,,,,,,,,,,,,,,,,,,,,,,,,,,,,,,,,,,,,,,,,,,,,,,,,,,,,,,,,,,,,,,,,,,,,,,,,,,,,,,,,,,,,,,,,,,,,,,,,,,,,,,,,,,,,,,,,,,,,,,,,,,,,,,,,,,,,,,,,,,,,,,,,,,
unknown,,,,,,,,,,,bluebook,,,,,,,,,,,,,,,,,,,,,,,,FehmicCourt,,,,,,,,,Gothic,,,,,,,,,,,,,,,,,,,,,,,,,,,,,,,,,,,,,,,,,,,,,,,,,,,,,,novels,,,,,,,,,,abridgement;plagiarized,,,,,,,,,,,,,,,,,,,,,,,,,,,,,,,secret,,,,,,,,,,,,,,,,,,,,,,,,,,,,,,,,,,,,,,,,several,,,,,,,,,,,
unknown,Sentimental,,,,,,,,,,,,,,,,,,,,,,,,,,,,,,,,,,,,,,,,,,,Gothic,,,,,,,,,,,,,,imitation,,,,,,,,,,,,,,,,,,,,,,,,,,,,,,,,,,,,,,,,,,,,,,,,,,,,,,,,,,,,,,,,,,Reeves;OLDENGLISHBARON,,,,,,,,,,,,,,,,,,,,,,,,,,,,,,,,,,,,,,,,,,,,,,,,,,,,,,,,,,,,,,,,,,
unknown,,,,,,composite,,,,,chapbook,,,,,,,,,,,,,,,,,,,,,,,,,,,,,,,,,Gothic,,,,,,,,,,,,,,,,,,,,,,,,,,,,,,,,,,,,,,,,,,,,,,,,,,,,,,,,,,,,,,,,plagiarism,,,,,,,,,,,,,,,,,,,,,,,,,,,,,,,,,,,,,,,,,,,,,,,,,,,,,,,,,,,,,,,,,,,,,,,,,,,,,,,,,,
unknown,,,,,,composite,,,,,chapbook,,,,,,,,,,,,,,,,,,,,,,,,,,,,,,,,,Gothic,,,,,,,,,,,,,,,,,,,,,,,,,,,,,,,,,,,,,,,,,,,,,,,,,,,,,,,,,,,,,,,,plagiarisms,,,,,,,,,,,,,,,,,,,,,,,,,,,,,,,,,,,,,,,,,,,,,,,,,,,,,,,,,,,,,,,,,,,,,,,,,,,,,,,,,,
unknown,,,,,,,,,,,Chapbook,,,,,,,,,,,,,,,,,,,,,,,,,,,,,,,,,Gothic,,,,,,,,,,,,,,,,,,,,,,,,,,,,,,,,,,,,,,,,,,,,,,,,,,,,,,,,,,,,,,,,,,,,,,,,,,,,,,,,,,,,,,,,,,,,,,,,,,,,,shilling,shocker,,,,,,,,,,,,,,,,,,,,,,,,,,,,,,,,,,,,,,,,,,,,
unknown,,,,,,,,,,,Chapbook,,,,,,,,,,,,,,,,,,,,,,,,,,,,,,,,,Gothic,,,,,,,,,,,,,,,,,,,,,,,,,,,,,,,,,,,,,,,,,,,,,,,,,,,,,,,,,,,,,,,,,,,,,,,,,,,,,,,,,,,,,,,,,,,,,,,,,,,,,,,,,,,,,,,,,,,,,,,,,,,,,,,,,,,,,,,,,,,,,,,,,,
unknown,,,,,,,,,,,,,,,,,,,,,,,,,,,,,,,,,,,,,,,,,,,,Gothic,,,,,,,Pure;high,,horror,,,horror,,,,,,,,,,,,,,,,,,,,,,mode,,,,,,,,,,,,,,,,,,,,,,,,,,,,,,,,,,,,,,,,,,,,,,,,,,,,,,,,,,,,,,,,,,,,,,,,,,,,,,,,,,,,,,,,,,,,,,,,,,,,,,,,,,,,,,,,
unknown,,,,,,,,,,,chapbook,,,,,,,,,,,,,,,,,,,,,,,,,,,,,,,,,Gothic,,,,,,,,,,,,,,,,,,,,,,,,,,,,,,,,,,,,,,,,,,,,,,,,,,,,,,,,,,,,,,,,,,,,,,,,,,,,,,,,,,,,,,,,,,,,,,,,,,,,,,,,,,,,,,,,,,,,,,,,,,,,,,,,,,,,,,,,,,,,,,,,,,
unknown,,,,,,composite,,,,,chapbook,,,,,,,,,,,,,,,,,,,,,,,,,,,,,,,,,Gothic,,,,,,,,,,,,,,,,,,,,,,,,,,,,,,,,,,,,,,,,,,,,,,,,,,,,,,,,,,,,,,,,plagiarism,,,,,,,,,,,,,,,,,,,,,,,,,,,,,,,,,,,,,,,,,,from;sources,,,,,,,,,,,,,,,,,,,,,,,,,,,,,,,,multiple,,,,,,,,
unknown,,,,,,,,,,,,,,,,,,,,,intermittent;scenes;devices,,,,Domestic,,,,,,,,,,,fiction,,,,,,,,Gothic,,,,,,,,,,,,,,,,,,,,,,,,,,,,,,,,,,,,,,,,,,,,,,,,,,,,,,,,,,,,,,,,,,,,,,,,,,,,,,,,,,,,,,,,,,,,,,,,,,,,,,,,,,,,,,,,,,,,,,,,,,,,,,,,,,,,,,,,,,,,,,,,,,
unknown,,,,,,,,,,,chapbook,,,,,,,,,,,,,,,,,,,,,,,,,,,,,,,,,Gothic,,,,,,,,,,,,,,,,,,,,,,,,,,,,,,,,,,,,,,,,,,,,,,,,,,,,,,,,,,,,,,,,,,,,,,,,,,,,,,,,,,,,,,,,,,,,,,,,,,,,,,,,,,,,,,,,,,,,,,,,,,,,,,,,,,,,,,,,,,,,,,,,,,
unknown,Sentimental,,,,,,,,,,,,,,,,,,,,,,,,,,,,,,,,,,,,,,,,,,,Gothic,,,,,,,,,,,,,,,,,,,,,,,,,,,,,,,,,,,,,,,,,,,,,,,,,,,,,,,,,,,,,,,,,,,,,,,,,,,,,,,,,,,,,,,,,,,,,,,,,,,,,,,,,,,,,,,,,,,,,,,,,,,,,,,,,,,,,,,,,,,,,,,,,,
unknown,,,,,,,,,,,,,,,,,,,,,,,,,,,,,,,,,,,,,,,,,,,,Gothic,,,,,,,Pure;high,,horror,,,horror,,imitation,,,,,,,,,,,,,,,,,,,,mode,,,,,,,,,,,,,,,,,,,,,,,,,OTRANTO,,,,,,,,,,,,,,,,,,,,,,,,,,,,,,,,,,,,,,,,,,,,,,,,,,,,,,,,,,,,,,,,,,,,,,,,,,,,,,,,,,,,,,,
unknown,,,,,,,,,,,,,,,,,,,,,elements,,,,,,,,,,,,,,,,,,,,,,,Gothic,,,,,,,Pure;high,,,,,,,,,,,,,,,,,,,,,,,,,,,,,,monastic,,,,,,,,,,,,,,,,,,,,,,,,,,,,,,,,,,,,,,,,,,,,,,,,,,,,,,,,,,,,,,,,,shocker,,,,,,,,,,,,,,,,,,,,,,,,,,,,,,,,,,,,,,,,,,,,
unknown,,,,,,,,,,,,,,,,,,,,,,,,,,,,,,,,,,,,,,,,,,,,Gothic,,,,,,,,,,,,,,imitation,,,,,,,,,,,,,,,,,,,,,,,,,,,,,,,,,,,,,,,,,,,,,,,,,,,,,,,,,,,,,,,,Radcliffean,,,,,,,,,,,,,,,,,,,,,,,,,,,,,,,,,,,,,,,,,,,,,,landscapes,,,,,,,,,,,,Marginal,,,,,,,,,,
unknown,,,,,,,,,,,chapbook,,,,,,,,,,,,,,,,,,,,,,,,,,,,,,,,,Gothic,,,,,,,,,,,,,,,,,,,,,,,,,,,,,,,,,,,,,,,,,,,,,,,,,,,,,,,,,,,,,,,,,,,,,,,,,,,,,,,,,,,,,,,,,,,,,,,,,,,,,,,,,,,,,,,,,,,,,,,,,,,,,,,,,,,,,,,,,,,,,,,,,,
unknown,,,,,,,,,,,,,,,,,,,,,,,,,,,,,,,,,,,,,,,,,,,,Gothic,,,,,,,Pure;high,,,,,,,imitation,,,,,,,,,,,,,,,,,,,,,,,,,,,,,,,,,,,,,,,,,,,,,OTRANTO,,,,,,,,,,,,,,,,,,,,,,,,,,,,,,,,,,,,,,,,,,,,,,,,,,,,,,,,,,,,,,,,,,,,,,,,,,,,,,,,,,,,,,,
unknown,,,,,,,,,,,chapbook,,,,,,,,,,,,,,,,,,,,,,,,,,,,,,,,,Gothic,,,,,,,,,,,,,,,,,,,,,,,,,,,,,,,,,,,,,,,,,,,,,,,,,,,,,,,,,,,,,,,,plagiarism,,,,,,,,,,,,,,,,,,,,,,,,,,,,,,,,,,,,Shelleys;ST.IRVYNE,,,,,,,,,,,,,,,,,,,,,,,,,,,,,,,,,,,,,,,,,,,,,,