Gender,sentimental;Sentimental;Sentimentalized;sentimentalized,Irelands;ABBESS;THEABBESS,acoustic,authentic;actual;actually,combined;Combined;combines;compilation;composite;Anthology;anthology,Apocalyptic,architecture,Chapbook;chapbook;bluebook,castle,categorized,centered,character;characterization;characters,Barretts;THEHEROINE,containing,Parody;parody;burlesque;caricature;satire;satiric;satirizes;Comic,effects;elements;features;attitudes;episodes;intermittent;methods;overtones;periodic;qualities;scenes;situations;touches;traits;tendencies;strains;devices;Semi;secondary;components,Contemporized,content,descriptions,domestic;Domestic;domesticated,Doppleganger;Double,drama,entanglements,epistolary;Epistolary,essays,explained;Natural;natural;Naturalized;naturalized,fantasy,father,Fehmic;FehmicCourt,Fiction;fiction,form;format,fragments,French,futuristic,genealogical,German;Germanic;Rauberroman;Rauberroman;Rauberromantik;Schauerroman;Schauerromantik;Shauerromantik;Ritterroman,Godwin;Godwins,gothic;Gothic,Gothified,Gothicism,Gothics,Grotto,heroine;heroines,Pure;high,historical;Historical;history;History,horrific;horror,terror;terrors,horrorANDterror,ONLYhorror,Ideas;ideas,imitates;imitation;imitations,incest-Frank,incident,Irish,Jacobin,journalistic;Documentary,main,key,Diderot;LARELIGIEUSE,Lewisite;Lewiss;THEMONK;THEMONKs,legend,Lelands;LONGSWORD,loathsome,Shakespearean;Macbethian,maiden,Maturins;THEFATALREVENGE;MELMOTHTHEWANDERER,Medieval;medievalism,mode,moderated,modes,Monastic;monastic,monster,didactic;Didactic;didactit;moralized;Polemical;polemical;attack;Political;politics;philosophic;philosophical;Philosophical,didactic;Didactic;didactit;moralized,Polemical;polemical;attack;Political;politics;philosophic;philosophical;Philosophical;Radical;Revolution;revolutionary,Polemical;polemical;attack,Political;politics,philosophic;philosophical;Philosophical,Radical;Revolution;revolutionary,motif;motifs,mysterious,mystery,names,nationalistic,nature,noir;Noir,Novel;novel;novels,novelists,CharlotteSmith;CharlotteSmiths;Smiths;EMMELINE;OLDMANORHOUSE,Orientalized,other,Walpole;OTRANTO;Otrantoesque;THECASTLEOFOTRANTO,passions;feelings,persecuted,picaresque;Picaresque,abridgement;compressed;reductions;plagiarism;plagiarisms;plagiarized,pleasures,procedures,prominent,props,prose,early;emergent;anticipates;first;preGothic;primitive;prototype;prototypical;Prototypical,pseudohistorical;pseudohistory;pseudo medieval,puzzlements,quality,Quest;quest,Radcliffean;Radcliffes;Mrs.Radcliffe;Mrs.Radcliffes;ROMANCEOFTHEFOREST;THEITALIAN;THEMYSTERIESOFUDOLPHO;Udolphoesque,reactions,Reeve;Reeves;OLDENGLISHBARON,represented,influence;influences,recessant;recessive;residual;residue;reverberations; echoes,revival,Richardsonian,Rochean,roman;Roman;clef,Romance;romance;romantic;romances,ruin;Ruin,sadism,salient,science,search,secret,Seduction,segment,serialized;Serialized;Periodical,serious,Shocker;shocker;Schocker,social,Sorcerer,based;from;source;sources;taken,Fake;counterfeit;sham;Sham;artificial,spectral;apparitional,speculative,Story;story,straight,sublime,subplots;subspecies,supernatural,Tale;tales,technical,theme,theory,title;titling;titular,toned,SophiaLees;THERECESS,settings;locale;locations;landscapes;scenery;topographies,topographies,Tower,reworked;converted,transformation,translation;translations,tribunal,Turret,twin,types,tyrant,substantial;numerous;excessive;heavily;highly;many;several,few;Marginal;mild;minimal;no;slightly;some;sometimes;subdued,Vampire,Mixed;mixed;multiple;fusion;variable;varieties;variety;various,Vehmgericht,VeitWeber,verse,villain,visitations,volumes,WanderingJew,witchcraft
f,,,,,,,,,,,,,,,,,,,,,,,,,,,,,,,,,,,,,,Gothic,,,,,,Pure;high,,,terror,,,,,,,,,,,,,,,,,,,,,mode,,,,,,,,,,,,,,,,,,,,,,,,,,,,,,,,,,,,,,,,,,,,,,,,,,,,,,,,,,,,,,,,,,,,,,,,,,,,,,,,,,,,,,,,,,,,,,,,,,,,,
f,,,,,,,,,,,,,,,Parody;caricature,,,,,,,,,,,,,,,,,,,,,,,Gothic,,,,,heroines,,,,,,,,,,,,,,,,,,,,,,,,,,,,,,,,,,,,,,,,,,,,,,,,,,,,,,,,,,,,,,,,,,,,,,,,,,,,,,,,,,,,,,,,,,,,,,,,,,,,,,,,,,,,,,,,,,,,,,various,,,,,,,,
f,,,,,,,,,,,,,,,,,,,,,,,,,,,,,,,,,,,,,,,Gothified,,,,,,history,,terror,,,,,,,,,,,,,,,,,,,,,mode,,,,,,,,,,,,,,,,,,,,,,,,,,,,,,,,,,,,,,,,,,,,,,,,,,,,,,,,,,,,,,,,,,,,,,,,,,,,,,,,,,,,,,,,,,,,,,,,,,,,,
f,,,,,,,,,,,,,,,,,,,,,,,,,,,,,,,,,,,,,,Gothic,,,,,,Pure;high,,horror,terror,horror-terror,,,,,,,,,,,,,,,,,,,,,,modes,,,,,,,,,,,,,,,,,,,,,,,,,,,,,,,,,,,,,,,,,,,,,,,,,,,,,,,,,,,,,,,,,,,,,,,,,,,,,,,,,,,,,,,,,,,,,,,,,,,
f,sentimental,,,,,,,,,,,,,,,,,,,,,,,,,,,,,fiction,,,French,,,,,Gothic,,,,,,Pure;high,,,,,,,,,,,,,,,,,,,,,,,,,,,,,,,,,,,,,,,,,,,,,,,,,,,,,,,,,,,,,,,,,,,,,,,,,,,,,,,,,,,,,,,from,,,,,,,,,,,,,,,,,,,reworked,,,,,,,,,,,,,,,,,,,
f,,,,,,,,,,,,,,,,,,,,Domestic,,,,,,,,,,,,,,,,,,Gothic,,,,,,,,,,,,,,,,,,,,,,,,,,,,,,,,,,,,,,,,,,,,,,,,,,,,,,,,,,,,,,,,,,,,,,,,,,,,,,,,,,,,,,,,,,,,,,,,,,,,,,,,,,,,,,,,,,,,,,,,,,,,,,,,,,,
f,Sentimental,,,,,,,,,,,,,,,,,,,,,,,,,,,,,,,,,,,,,Gothic,,,,,,,,,,,,,,,,,,,,,,,,,,,,,,,,,,,,,,,,,,,,,,,,,,,,,,,,,,,,,,,,,,,,,,,,,,,,,,,,,,,,,,,,,,,,,,,,,,,,,,,,,,,,,,,,,,,,,,,,,,,,,,,,,,,
f,Sentimental,,,,,,,,,,,,,,,,,,,,,,,,,,,,,,,,,,,,,Gothic,,,,,,,,,,,,,,,,,,,,,,,,,,,,,,,,,,,,,,,,,,,,,,,,,,,,,,,,,,,,,,,,,,,,,,,,,,,,,,,,,,,,,,,,,,,,,,,,,,,,,,,,,,,,,,,,,,,,,,,,,,,,,,,,,,,
f,,,,,,,,,,,,,,,,elements;intermittent,,,,,,,,,,,,,,,,,,,,,,Gothic,,,,,,Pure;high,,,,,,,,,,,,,,,,,,,,,,,,,,,,,didactic,didactic,,,,,,,,,,,,,,,,,,,,,,,,,,,,,,,,,,,,,,,,,,,,,,,,,,,,,,,,,,,,,,,,,,,,,,,,,,,,,,,,,,,,,,,,,,,,,,,
f,,,,,,,,,,,,,,,,,,,,,,,,,,,,,,,,,,,,,,Gothic,,,,,,Pure;high,,,terror,,,,,,,,,,,,,,,,,,,,,mode,,,,,,,,,,,,,,,,,,,,,,,,,,,,,,,,,,,,,,,,,,,,,,,,,,,,,,,,,,,,,,,,,,,,,,,,,,,,,,,,,,,,,,,,,,,,,,,,,,,,,
f,,,,,,,,,,,,,,,,,,,,,,,,,,,,,,,,,,,,,,Gothic,,,,,,Pure;high,,,terror,,,,,,,,,,,,,,,,,,,,,mode,,,,,,,,,,,,,,,,,,,,,,,,,,,,,,,,,,,,,,,,,,,,,,,,,,,,,,,,,,,,,,,,,,,,,,,,,,,,,,,,,,,,,,,,,,,,,,,,,,,,,
f,Sentimental,,,,,,,,,,,,,,,,,,,,,,,,,,,,,,,,,,,,,Gothic,,,,,,,,,,,,,,,,,,,,,,,,,,,,,,,,,,,,,,,,,,,,,,,,,,,,,,,,,,,,,,,,,,,,,,,,,,,,,,,,,,,,,,,,,,,,,,,,,,,,,,,,,,,,,,,,,,,,,,,,,,,,,,,,,,,
f,Sentimental,,,,,,,,,,,,,,,,,,,,,,,,,,,,,,,,,,,,,Gothic,,,,,,,,,,,,,imitation,,,,,,,,,,,,,,,,,,,,,,,,,,,,,,,,,,,,,,CharlotteSmith,,,,,,,,,,,,,,,,,,,,,,,,,,,,,,,,,,,,,,,,,,,,,,,,,,,,,,,,,,,,,,,,,,,,,,,,,,,,,,,,
f,,,,,,,,,,,,,,,,,,,,,,,,,,,,,,,,,,,,,,Gothic,,,,Grotto,,,,,terror,,,,,,,,,,,,,,,,,,,,,mode,,,,,,,,,,,,,,,,,,,,,,,,,,,,,,,,,,,,,,,,,,,,,,,,,,,,,,,,,,,,,,,,,,,,,,,,,,,,,,,,,,,,,,,,,,,,,,,,,,,,,
f,,,,,,,,,,,,,,,,,,,,,,,,,,,,,,,,,,,,,,Gothic,,,,,,Pure;high,,,terror,,,,,,,,,,,,,,,,,,,,,mode,,,,,,,,,,,,,,,,,,,,,,,,,,,,,,,,,,,,,,,,,,,,,,,,,,,,,,,,,,,,,,,,,,,,,,,,,,,,,,,,,,,,,,,,,,,,,,,,,,,,,
f,,,,,,,,,,,,,,,,,,,,,,,,,,,,,,,,,,,,,,Gothic,,,,,,Pure;high,,horror,terror,horror-terror,,,,,,,,,,,,,,,,,,,,,,modes,,,,,,,,,,,,,,,,,,,,,,,,,,,,,,,,,,,,,,,,,,,,,,,,,,,,,,,,,,,,,,,,,,,,,,,,,,,,,,,,,,,,,,,,,,,,,,,,,,,
f,,,,,,,,,,,,,,,satiric,elements,,,,,,,,,,,,,,,,,,,,,,Gothic,,,,,,Pure;high,,,terror,,,,,,,,,,,,,,,,,,,,,mode,,,,,,,,,,,,,,,,,,,,,,,,,,,,,,,,,,,,,,,,,,,,,,,,,,,,,,,,,,,,,,,,,,,,,,,,,,,,,,,,,,,,,,,,,,many,,,,,,,,,,,
f,,,,,,,,,,,,,,,,,,,,,,,,,,,,,,,,,,,,,,Gothic,,,,,,Pure;high,,,terror,,,,,,,,,,,,,,,,,,,,,mode,,,,,,,,,,,,,,,,,,,,,,,,,,,,,,,,,,,,,,,,,,,,,,,,,,,,,,,,,,,,,,,,,,,,,,,,,,,,,,,,,,,,,,,,,,,,,,,,,,,,,
f,,,,,,,,,,,,,,,,,,,,,,,,,,,,,,,,,,,,,,Gothic,,,,,,Pure;high,,,terror,,,,,,,,,,,,,,,,,,,,,mode,,,,,,,,,,,,,,,,,,,,,,,,,,,,,,,,,,,,,,,,,,,,,,,,,,,,,,,,,,,,,,,,,,,,,,,,,,,,,,,,,,,,,,,,,,,,,,,,,,,,,
f,,,,,,,,,,,,,,,,,,,,,,,,,,,,,,,,,,,,,,Gothic,,,,,,Pure;high,,,terror,,,,,,,,,,,,,,,,,,,,,mode,,,,,,,,,,,,,,,,,,,,,,,,,,,,,,,,,,,,,,,,,,,,,,,,,,,,,,,,,,,,,,,,,,,,,,,,,,,,,,,,,,,,,,,,,,,,,,,,,,,,,
f,,,,,,,,,,,,,,,,,,,,,,,,,,,,,,,,,,,,,,,Gothified,,,,,,history,,,,,,,,,,,,,,,,,,,,,,,,,,,,,,,,,,,,,,,,,,,,,,,,,,,,,,,,,,,,,,,,,,,,,,,,,,,,,,,,,,,,,,,,,,,,,,,,,,,,,,,,,,,,,,,,,,,,,,,,,,,,
f,,,,,combines,,,,,,,,,,,elements,,,,,,,,,,,,,,,,,,,,,,,Gothified,,,,,,history,horrific,,,horror,,,,,,,,,,,,,,,,,,,,,,,,didactic,didactic,,,,,,,,,,,,,,,,,,,,,,,,,,,,,,,,,,,,,,,,,,,,,,,,,,,,,,,,,,,,,,,,,,,,,,,,,,,,,,,,,,,,,,,,,,,,,,,
f,,,,,,,,,,,,,,,,,,,,,,,,,,,,,,,,,,,,,,Gothic,,,,,,Pure;high,,,terror,,,,,,,,,,,,,,,,,,,,,mode,,,,,,,,,,,,,,,,,,,,,,,,,,,,,,,,,,,,,,,,,,,,,,,,,,,,,,,,,,,,,,,,,,,,,,,,,,,,,,,,,,,,,,,,,,,,,,,,,,,,,
f,,,,,,,,,,,,,,,,,,,,,,,,,,,,,,,,,,,,,,Gothic,,,,,,Pure;high,,,terror,,,,,,,,,,,,,,,,,,,,,mode,,,,,,,,,,,,,,,,,,,,,,,,,,,,,,,,,,,,,,,,,,,,,,,,,,,,,,,,,,,,,,,,,,,,,,,,,,,,,,,,,,,,,,,,,,,,,,,,,,,,,
f,,,,,,,,,,,,,,,,,,,,,,,,,,,,,,,,,,,,,,Gothic,,,,,,Pure;high,,horror,,,horror,,,,,,,,,,,,,,,,,,,mode,,,,,,,,,,,,,,,,,,,,,,,,,,,,,,,,,,,,,,,,,,,,,,,,,,,,,,,,,,,,,,,,,,,,,,,,,,,,,,,,,,,,,,,,,,,,,,,,,,,,,
f,Sentimental,,,,,,,,,,,,,,,,,,,Domestic,,,,,,,,,,,,,,,,,,Gothic,,,,,,,,,,,,,,,,,,,,,,,,,,,,,,,,,,,,,,,,,,,,,,,,,,,,,,,,,,,,,,,,,,,,,,,,,,,,,,,,,,,,,,,,,,,,,,,,,,,,,,,,,,,,,,,,,,,,,,,,,,,,,,,,,,,
f,,,,,,,,,,,,,,,,,,,,,,,,,,,,,,,,,,,,,,Gothic,,,,,,Pure;high,,,terror,,,,imitation,,,,,,,,,,,,,,,,,mode,,,,,,,,,,,,,,,,,,,,,,,,,,,,,,,,,,,,,,,Mrs.Radcliffes;THEITALIAN,,,,,,,,,,,,,,,,,,,,,,,,,,,,,,,,,,,,,,,,,,,,,,,,,,,,,,,,,,,,,,
f,Sentimental,,,,,,,,,,,characters,,,,episodes,,,,,,,,,,,,,,Fiction,,,,,,,,Gothic,,,,,,,,,,,,,,,,,,,,,,,,,,,,,,,,,,,,,,,,,,,,,,,,,,,,,,,,,Picaresque,,,,,,,,,,,,,,,,,,,,,,,,,,,,,,,,,,,,,,,,,,,,,,,,,,,,locations,,,,,,,,,,,,few,,,,,,,,,,
f,,,,,,,,,,,,,,,,,,,,Domestic,,,,,,,,,,fiction,,,,,,,,,Gothified,,,,,,History,,,,,,,,,,,,,,,,,,,,,,,,,,,,,,,,,,,,,,,,,,,,,,,,,,,,,,,,,,,,,,,,,,,,,,,,,,,,,,,,,,,,,,,counterfeit,,,,,,,,,,,,,,,,,,,,,,,,,,,,,,,,,,,,,
f,Sentimental,,,,,,,,,,,,,,,elements,,,,,,,,,,,,,,,,,,,,,,Gothic,,,,,,,,,,,,,,,,,,,,,,,,,,,,,,,,,,,didactic,didactic,,,,,,,,,,,,,,,,,,,,,,,,,,,,,,,,,,,,,,,,,,,,,,,,,,,,,,,,,,,,,,,,,,,,,,,,,,,,,,,,,,,,,,,,,,,,,,,
f,,,,,,,,,,,,,,,,,,,,,,,,,,,,,,,,,,,,,,Gothic,,,,,,Pure;high,,horror,terror,horror-terror,,,,,,,,,,,,,,,,,,,,,,modes,,,,,,,,,,,,,,,,,,,,,,,,,,,,,,,,,,,,,,,,,,,,,,,,,,,,,,,,,,,,,,,,,,,,,,,,,,,,,,,,,,,,,,,,,,,,,,,,,,,
f,Sentimental,,,,,,,,,,,,,,,,,,,,,,,,,,,,,,,,,,,,,Gothic,,,,,,,,,terror,,,,,,,,,,,,,,,,,,,,,mode,,,,,,,,,,,,,,,,,,,,,,,,,,,,,,,,,,,,,,,,,,,,,,,,,,,,,,,,,,,,,,,,,,,,,,,,,,,,,,,,,,,,,,,,,,,,,,,,,,,,,
f,Sentimental,,,,,,,,,,,,,,,,,,,,,,,,,,,,,,,,,,,,,Gothic,,,,,,,,,terror,,,,,,,,,,,,,,,,,,,,,mode,,,,,,,,,,,,,,,,,,,,,,,,,,,,,,,,,,,,,,,,,,,,,,,,,,,,,,,,,,,,,,,,,,,,,,,,,,,,,,,,,,,,,,,,,,,,,,,,,,,,,
f,,,,,,,,,,,,,,,,,,,,Domestic,,,,,,,,,,,,,,,,,,Gothic,,,,,,,,,terror,,,,,,,,,,,,,,,,,,,,,mode,,,,,,,,,,,,,,,,,,,,,,,,,,,,,,,,,,,,,,,,,,,,,,,,,,,,,,,,,,,,,,,,,,,,,,,,,,,,,,,,,,,,,,,,,,,,,,,,,,,,,
f,,,,,,,,,,,,,,,,elements,,,,Domestic,,,,,,,,,,,,,,,,,,Gothic,,,,,,,,,,,,,,,,,,,,,,,,,,,,,,,,,,,didactic,didactic,,,,,,,,,,,,,,,,,,,,,,,,,,,,,,,,,,,,,,,,,,,,,,,,,,,,,,,,,,,,,,,,,,,,,,,,,,,,,,,,,,,,,,,,,,,,,,,
f,,,,,,,,,,,,,,,,,,,,,,,,,,,,,,,,,,,,,,Gothic,,,,,,Pure;high,,,terror,,,,,,,,,,,,,,,,,,,,,mode,,,,,,,,,,,,,,,,,,,,,,,,,,,,,,,,,,,,,,,,,,,,,,,,,,,,,,,,,,,,,,,,,,,,,,,,,,,,,,,,,,,,,,,,,,,,,,,,,,,,,
f,,,,,,,,,,,,,,,,,,,,,,,,,,,,,,,,,,,,,,,Gothified,,,,,,history,,,,,,,,,,,,,,,,,,,,,,,,,,,,,,,,,,,,,,,,,,,,,,,,,,,,,,,,,,,,,,,,,,,,,,,,,,,,,,,,,,,,,,,,,,,,,,,,,,,,,,,,,,,,,,,,,,,,,,,,,,,,
f,sentimental,,,,,,,,,,,,,,,,,,,,,,,,,,,,,,,,,,,,,,Gothified,,,,,,history,,terror,,,,,,,,,,,,,,,,,,,,,,,modes,,,,,,,,,,,,,,,,,,,,,,,,,,,,,,,,,,,,,,,,,,,,,,,,,,,,,,,,,,,,,,,,,,,,,,,,,,,,,,,,,,,,,,,,,,,,,,,,,,,
f,,,,,,,,,,,,,,,,,,,,,,,,,,,,,,,,,,,,,,Gothic,,,,,,Pure;high,,,terror,,,,,,,,,,,,,,,,,,,,,mode,,,,,,,,,,,,,,,,,,,,,,,,,,,,,,,,,,,,,,,,,,,,,,,,,,,,,,,,,,,,,,,,,,,,,,,,,,,,,,,,,,,,,,,,,,,,,,,,,,,,,
f,Sentimental,,,,,,,,,,,,,,,,,,,,,,,,,,,,,,,,,,,,,Gothic,,,,,,,,,,,,,,,,,,,,,,,,,,,,,,,,,,,,,,,,,,,,,,,,,,,,,,,,,,,,,,,,,,,,,,,,,,,,,,,romance,ruin,,,,,,,,,,,,,,,,,,,,,,,,,,,,,,,,,,,,,,,,,,,,,,,,,,,
f,,,,,,,,,,,,,,,,,,,,Domestic,,,,,,,,,,,,,,,,,,Gothic,,,,,,,,,,,,,,,,,,,,,,,,,,,,,,,,,,,,,,,,,,,,,,,,,,,,,,,,,,,,,,,,,,,,,,,,,,,,,,,,,,,,,,,,,,,,,,,,,,,,,,,,,,,,,,,,,,,,,,,,,,,,,,,,,,,
f,,,,,,,,,,,,,,,,,,,,,,,,,,,,,,,,,,,,,,Gothic,,,,,,Pure;high,,,terror,,,,,,,,,,,,,,,,,,,,,mode,,,,,,,,,,,,,,,,,,,,,,,,,,,,,,,,,,,,,,,,,,,,,,,,,,,,,,,,,,,,,,,,,,,,,,,,,,,,,,,,,,,,,,,,,,,,,,,,,,,,,
f,,,,,,,,,,,,,,,,,,,,,,,,,,,,,,,,,,,,,,Gothic,,,,,,Pure;high,,,terror,,,,,,,,,,,,,,,,,,,,,mode,,,,,,,,,,,,,,,,,,,,,,,,,,,,,,,,,,,,,,,,,,,,,,,,,,,,,,,,,,,,,,,,,,,,,,,,,,,,,,,,,,,,,,,,,,,,,,,,,,,,,
f,,,,,,,,,,,,,,,,,,,,,,,,,,,,,,,,,,,,,,,Gothified,,,,,,history,,,,,,,,,,,,,,,,,,,,,,,,,,,,,,,,,,,,,,,,,,,,,,,,,,,,,,,,,,,,,,,,,,,,,,,,,,,,,,,,,,,,,,,,,,,,,,,,,,,,,,,,,,,,,,,,,,,,,,,,,,,,
f,,,,,,,,,,,,,,,,elements,,,,,,,,,,,,,,,,,,,,,,Gothic,,,,,,Pure;high,,,,,,,,,,,,,,,,THEMONK,,,,,,,,,,,,,,,,,,,,,,,,,,,,,,,,,,,,,,,,,,,,,,,,,,,,,,,,,,,,,,,,,,,,,,,,,,,,,,,,,,,,,,,,,,,,,,,,,,,,,,,,,,,,,
f,,,,,,,,,,,,,,,,,,,,,,,,,,,,,,,,,,,,,,,Gothified,,,,,,history,,,,,,,,,,,,,,,,,,,,,,,,,,,,,,,,,,,,,,,,,,,,,,,,,,,,,,,,,,,,,,,,,,,echoes,,,,,,,,,,,,,,,,,,,,,,,,,,,,,,,,,,SophiaLees;THERECESS,,,,,,,,,,,,,,,,,,,,,,,
f,,,,,,,,,,,,,,,,features,,,,Domestic,,,,,,,,,,,,,,,,,,Gothic,,,,,,,,,,,,,,,,,,,,,,,,,,,,,,,,,,,,,,,,,,,,,,,,,,,,,,,,,,,,,,,,,,,,,,,,,,,,Richardsonian,,,,,,,,,,,,,,,,,,,,,,,,,,,,,,,,,,,,,,,,,,,,,,,various,,,,,,,,
f,,Irelands;ABBESS,,,combined,,,,,,,,,,,,,,,,,,,,,,,,,,,,,,,,,Gothic,,,,,,Pure;high,,,,,,,imitation,,,,,,,,,,,,,,,,,,,,,,,,,,,,,,,,,,,,,,,,,,,,,,,,,,,,,,,,THEITALIAN,,,,,,,,,,,,,,,,,,,,,,,,,,,,,,,,,,,,,,,,,,,,,,,,,,,,,,,,,,,,,,
f,,,,,,,,,,,,,Barretts;THEHEROINE,,parody,,,,,,,,,,,,,,,,,,,,,,,Gothic,,,,,,,,,,,,,,,,,,,,,,,,,,,,,,,,,,,,,,,,,,,,,,,,,,,,,,,,,,,,,,,,,,,,,,,,,,reverberations,,,,,,,,,,,,,,,,,,,,,,,,,,,,,,,,,,,,,,,,,,,,,,,,,,,,,,,,,
f,,,,,,,,,,,,,,,,,,,,,,,,,,,,,,,,,,,,,,,Gothified,,,,,,history,,,,,,imitation,,,,,,,,,,,,,,,,,,,,,,,,,,,,,,,,,,,,,,,,,,,,,,,,,,,,,,,,Radcliffean,,,,,,,,,,,,,,,,,,,,,,,,,,,,,,,,,,,,,,,,,,,,,,,,,,,,,,,,,,,,,,
f,,,,,,,,chapbook,,,,,,,,,,,,,,,,,,,,,,,,,,,,,,Gothic,,,,,,,,,,,,,,,,,,,,,,,,,,,,,,,,,,,,,,,,,,,,,,,,,,,,,,,,,,,,,,,,,,,,,,,,,,,,,,,,,,,,,,,,,,,,,,,,,,,,,,,,,,,,,,,,,,,,,,,,,,,,,,,,,,,
f,Sentimental,,,,,,,,,,,,,,,elements,,,,,,,,,,,,,,fiction,,,,,,,,Gothic,,,,,,,,,,,,,,,,,,,,,,,,,,,,,,,,,,,,,,,,,,,,,,,,,,,,,,,,,,,,,,,,emergent,,,,,,,,,,,,,,,,,,,,,,,,,,,,,,,,,,,,,,,,,,,,,,,,,,,,,,,,,,,,,,,,,,,
f,,,,,,,,,,,,,,,,,,,,domestic,,,,,,,,,,fiction,,,,,,,,Gothic,,,,,,,,,,,,,,,,,,,,,,,,,,,,,,,,,,,,,,,,,,,,,,,,,,,,,,,,,,,,,,,,,,,,,,,,,,,,,,,,,,,,,,,,,,,,,,,,,,,,,,,,,,,,,,,,,,,,,,,,,,,Mixed,,,,,,,,
f,,,,,,,,,,,,,,,,,,,,domestic,,,,,,,,,,fiction,,,,,,,,Gothic,,,,,,,,horror,,,horror,,,,,,,,,,,,,,,,,,,mode,,,,,,,,,,,,,,,,,,,,,,,,,,,,,,,,,,,,,,,,,,,,,,,,,,,,,,,,,,,,,,,,,,,,,,,,,,,,,,,,,,,,,,,,,,,,,Mixed,,,,,,,,
f,,,,,,,,,,,,,,,,,,,,,,,,,,,,,,,,,,,,,,,Gothified,,,,,,history,,terror,,,,,,,,,,,,,,,,,,,,,mode,,,,,,,,,,,,,,,,,,,,,,,,,,,,,,,,,,,,,,,,,,,,,,,,,,,,,,,,,,,,,,,,,,,,,,,,,,,,,,,,,,,,,,,,,,,,,,,,,,,,,
f,,,,,,,,,,,,,,,,,,,,,,,,,,,,,,,,,,,,,,Gothic,,,,,,Pure;high,,,terror,,,,,,,,,,,,,,,,,,,,,mode,,,,,,,,,,,,,,,,,,,,,,,,,,,,,,,,,,,,,,,,,,,,,,,,,,,,,,,,,,,,,,,,,,,,,,,,,,,,,,,,,,,,,,,,,,,,,,,,,,,,,
f,,,,,,,,,,,,,,,,,,,,,,,,,,,,,,,,,,,,,,Gothic,,,,,,Pure;high,,,terror,,,,imitation,,,,,,,,,,,,,,,,,mode,,,,,,,,,,,,,,,,,,,,,,,,,,,,,,,,,,,,,,,Radcliffean,,,,,,,,,,,,,,,,,,,,,,,,,,,,,,,,,,,,,,,,,,,,,,,,,,,,,,,,,,,,,,
f,,,,,,,,,,,,,,,,,,,,,,,,,,,,,,,,,,,,,,Gothic,,,,,,Pure;high,,,terror,,,,imitation,,,,,,,,,,,,,,,,,mode,,,,,,,,,,,,,,,,,,,,,,,,,,,,,,,,,,,,,,,Radcliffean,,,,,,,,,,,,,,,,,,,,,,,,,,,,,,,,,,,,,,,,,,,,,,,,,,,,,,,,,,,,,,
f,,,,,,,,,,,,,,,,,,,,,,,,,,,,,,,,,,,,,,Gothic,,,,,,Pure;high,,,terror,,,,imitation,,,,,,,,,,,,,,,,,mode,,,,,,,,,,,,,,,,,,,,,,,,,,,,,,,,,,,,,,,Radcliffean,,,,,,,,,,,,,,,,,,,,,,,,,,,,,,,,,,,,,,,,,,,,,,,,,,,,,,,,,,,,,,
f,,,,,,,,,,,,,,,,,,,,,,,,,,,,,,,,,,,,,,Gothic,,,,,,Pure;high,,,terror,,,,,,,,,,,,,,,,,,,,,mode,,,,,,,,,,,,,,,,,,,,,,,,,,,,,,,,,,,,,,,,,,,,,,,,,,,,,,,,,,,,,,,,,,,,,,,,,,,,,,,,,,,,,,,,,,,,,,,,,,,,,
f,sentimentalized,,,,,,,,,,,,,,,,,,,,,,,,,,,,,,,,,,,,,,,,,,,,,,terrors,,,,,,,,,,,,,,,,,,,,,,moderated,,Monastic,,,,,,,,,,,,,,,,,,,,,,,,,,,,,,,,,,,,,,,,,,,,,,,,,,,,,,,,,shocker,,,,,,,,,,,,,,,,,,,,,,,,,,,,,,,,,,,,,,,,,
f,,,,,,,,,,,,,,,,,,,,,,,,,,,,,,,,,,,,,,Gothic,,,,,,Pure;high,,,,,,,,,,,,,,,,,,,,,,,,,,,,,,,,,,,,,,,,,,,,,,,,,,,,,,,,,,,,,,,Radcliffean,,,,,,revival,,,,,,,,,,,,,,,,,,,,,,,,,,,,,,,,,,,,,,,,,,,,,,,,,,,,,,,,
f,,,,,,,,,,,,,,,,,,,,,,,,,,,,,,,,,,,,,,,,,,,,,,,terror,,,,,,,,,,,,,,,,,,,,,mode,,,,,,,,,,,,,,,,,,,,,,,,,,,,,,,,,,,,,,,,,,,,,,,,,Romance,Ruin,,,,,,,,,,,,,,,,,,,,,,,,,,,,,,,,,,,,,,,,,,,,,,,,,,,
f,Sentimental,,,,,,,,,,,,,,,elements,,,,,,,,,,,,,,fiction,,,,,,,,,,,,,,,,,terror,,,,,,,,,,,,,,,,,,,,,,,,,,,,,,,,,,,,,,,,,,,,,,,,,,,,,,,,,,,,Radcliffean,,,,,,,,,,,,,,,,,,,,,,,,,,,,,,,,,,,,,,,,,,,,,,,,,,,,,,,,,,,,,,
f,,,,,,,,,,,,,,,,,,,,,,,,,,,,,,,,,,,,,,,Gothified,,,,,,history,,,,,,imitation,,,,,,,,,,,,,,,,,,,,,,,,,,,,,,,,,,,,,,,,,,,,,,,,,,,,,,,,Radcliffean,,,,,,,,,,,,,,,,,,,,,,,,,,,,,,,,,,,,,,,,,,,,,,,,,,,,,,,,,,,,,,
f,,,,,,,,,,,,,,,,,,,,,,,,,,natural,,,,,,,,,,,,,Gothified,,,,,,history,horror,,,horror,,,,,,,,,,,,,,,,,,,,,,,,,,,,,,,,,,,,,,,,,,,,,,,,,,,,,,,,,,,,,,,,,,,,,,,,,,,,,,,,,,,,,,,,,,,,,,,,,,,,,,,,,,,,,,,,,,,,,,,,
f,Sentimental,,,,,,,,,,,,,,,,,,,,,,,,,,,,,,,,,,,,,Gothic,,,,,,,,,,,,,imitation,,,,,,,,,,,,,,,,,,,,,,,,,,,,,,,,,,,,,,,,,,,,,,,,,,,,,,,,Mrs.Radcliffes;ROMANCEOFTHEFOREST,,,,,,,,,,,,,,,,,,,,,,,,,,,,,,,,,,,,,,,,,,,,,,,,,,,,,,,,,,,,,,
f,,,,,,,,,,,,,,,,,,,,Domestic,,,,,,,,,,fiction,,,,,,,,,,,,,,,,,,,,,,,,,,,,,,,,,,,,,,,,,,,,,,,,,,,,,,,,,,,,,,,,,,,,,,,,,,,,,,,,,,,,,,,,,,,,,,,,,,,,,,,,,,,,,,,,,,,,,,,,,,,,,,,,,,,,,,,,,,,
f,Sentimentalized,,,,,,,,,,,,,,,methods,,,,,,,,,,naturalized,,,,,,,,,,,,Gothic,,,,,,,,,,,,,,,,,,,,,,,,,,,,,,,,,,,,,,,,,,,,,,,,,,,,,,,,,,,,,,props,,,,,,,Radcliffean,,,,,,,,,,,,,,,,,,,,,,,,,,,,,,,,,,,,,,,,,,,,,,,,,,,,,,,,,,,,,,
f,Sentimentalized,,,,,,,,,,,,,,,,,,,,,,,,,,,,,,,,,,,,,Gothic,,,,,,,,,terror,,,,imitation,,,,,,,,,,,,,,,,,,,,,,,,,,,,,,,,,,,,,,,,,,,,,,,,,,,,,,,,Radcliffean,,,,,,,,,,,,,,,,,,,,,,,,,,,,,,,,,,,,,,,,,,,,,,,,,,,,,,,,,,,,,,
f,,,,,,,,,,,,,,,,,,,,,,,,,,naturalized,,,,,,,,,,,,,Gothified,,,,,,history,,terror,,,,,,,,,,,,,,,,,,,,,,,,,,,,,,,,,,,,,,,,,,,,,,,,,,,,,,,,,,,,,,,,,,,,,,,,,,,,,,,,,,,,,,,,,,,,,,,,,,,,,,,,,,,,,,,,,,,,,,,,,,
f,,,,,,,,,,,,,,,,,,,,,,,,,,,,,,,,,,,,,,Gothic,,,,,,Pure;high,,,,,,,,,,,,,,,,,,,,,,,,,,modes,,,,,,,,,,,,,,,,,,,,,,,,,,,,,,,,,,,,,,,,,,,,,,,,,,,,,,,,,,,,,,,,,,,,,,,,,,,,,,,,,,,,,,,,,,,,,,,,,,,
f,,,,,,,,,,,,,,,,elements,,,,domestic;Domestic,,,,,,,,,,,,,,,,,,Gothic,,,,,,,,,terror,,,,,,,,,,,,,,,,,,,,,,,,,,,,,,,,,,,,,,,,,,,,,,,,,,,,,,,,,,,,,,,,,,,,,,,,,,,,,,,,,,,,,,,,,,,,,,,,,,,,,,,,,,,,,,,,few,,,,,,,,,,
f,,,,,,,,,,,centered,,,,,episodes,,,,,,,,,,,,,,,,,,,,,,Gothic,,,,,,Pure;high,,,,,,,,,,,,,,,,,,,,,maiden,,,,,,,,,,,,,,,,,,,,,,novels,,,,,,,,,,,,,,,,,,,,,,,,,,,,,,,,,,,,,,,,,,,,,,,,,,,,,,,,,,,,,,,,,,,,,,,,,,,,,,,,,,
f,,,,,,,,,,,,,,,,,,,,,,,,,,,,,,,,,,,,,,,,,,,,,,,terror,,,,,,,,,,,,,,,,,,,,,mode,,,,,,,,,,,,,,,,,,,,,,,,,,,,,,,,,,,,,,,,,,,,,,,,,Romance,Ruin,,,,,,,,,,,,,,,,,,,,,,,,,,,,,,,,,,,,,,,,,,,,,,,,,,,
f,Sentimental,,,,,,,,,,,,,,,elements,,,,,,,,,,,,,,,,,,,,,,Gothic,,,,,,,,,,,,,,,,,,,,,,THEMONK,,,,,,,,,,,,,,,,,,,,,,,,,,,,,,,,,,,,,,,,,,,,,,,THEMYSTERIESOFUDOLPHO,,,,,,,,,,,,,,,,,,,,,,,,,,,,,,,,,,,,,,,,,,,,,,,,,,,,,,,,,,,,,,
f,,,,,,,,,,,,,,,,,,,,,,,,,,,,,,,,,,,,,,Gothic,,,,,,Pure;high,,horror,,,horror,,,,,,,,,,,,,,,,,,,mode,,,,,,,,,,,,,,,,,,,,,,,,,,,,,,,,,,,,,,,,,,,,,,,,,,,,,,,,,,,,,,,,,,,,,,,,,,,,,,,,,,,,,,,,,,,,,,,,,,,,,
f,,,,,,,,,,,,,,,,,,,,,,,,,,,,,,,,,,,,,,,Gothified,,,,,,history,,terror,,,,,,,,,,,,,,,,,,,,,mode,,,,,,,,,,,,,,,,,,,,,,,,,,,,,,,,,,,,,,,,,,,,,,,,,,,,,,,,,,,,,,,,,,,,,,,,,,,,,,,,,,,,,,,,,,,,,,,,,,,,,
f,sentimental,,,,,,,,,,,,,,,elements,,,,,,,,,,,,,,,,,,,,,,Gothic,,,,,,Pure;high,,,terror,,,,,,,,,,,,,,,,,,,,,mode,,,Monastic,,,,,,,,,,,,,,,,,,,,,,,,,,,,,,,,,,,,,,,,,,,,,,,,,,,,,,,,,shocker,,,,,,,,,,,,,,,,,,,,,,,,,,,,,,,,,,,,,,,,,
f,,,,,,,,,,,,,,,,,,,,,,,,,,,,,,,,,,,,,,,Gothified,,,,,,history,,terror,,,,,,,,,,,,,,,,,,,,,mode,,,,,,,,,,,,,,,,,,,,,,,,,,,,,,,,,,,,,,,,,,,,,,,,,,,,,,,,,,,,,,,,,,,,,,,,,,,,,,,,,,,,,,,,,,,,,,,,,,,,,
f,,,,,,,,,,,,,,,,,,,,,,,,,,,,,,,,,,,,,,Gothic,,,,,,,,,terror,,,,,,,,,,,,,,,,,,,,,mode,,,,,,,,,,,,,,,,,,,,,,,,,,,,,,,,,,,,,,,,,,,,,,,,roman;clef,,,,,,,,,,,,,,,,,,,,,,,,,,,,,,,,,,,,,,,,,,,,,,,,,,,,,
f,,,,,,,,,,,,,,,,,,,,,,,,,,,,,,,,,,,,,,Gothic,,,,,,,,,,,,,,,,,,,,,,,,,,,,,,,,,,,,,,,,,,,,,,,,,,,,Orientalized,,,,,,,,,,,,,,,,,,,,,,,,,,roman;clef,,,,,,,,,,,,,,,,,,,,,,,,,,,,,,,,,,,,,,,,,,,,,,,,,,,,,
f,Sentimentalized,,,,,,,,,,,,,,,,,,,,,,,,,,,,,,,,,,,,,Gothic,,,,,,,,,,,,,,,,,,,,,,,,,,,,,,,,,monastic,,,,,,,,,,,,,,,,,,,,,,,,,,,,,,,,,,,,,,,,,,,,,,,,,,,,,,,,,shocker,,,,,,,,,,,,,,,,,toned,,,,,,,,,,,,,,,,,,,,,,,,
f,,,,,,,,,,,,,,,,,,,,,,,,,,,,,,,,,,,,,,Gothic,,,,,,Pure;high,,,terror,,,,,,,,,,,,,,,,,,,,,mode,,,,,,,,,,,,,,,,,,,,,,,,,,,,,,,,,,,,,,,,,,,,,,,,,,,,,,,,,,,,,,,,,,,,,,,,,,,,,,,,,,,,,,,,,,,,,,,,,,,,,
f,,,,,,,,,,,,,,,,,,,,,,,,,,,,,,,,,,,,,,Gothic,,,,,,,,,terror,,,,,,,,,,,,,,,,,,,,,mode,,,,,,,,,,,,,,,,,,,,,,,,,,,,,,procedures,,,,,,,,,Radcliffean,,,,,,,,,,,,,,,,,,,,,,,,,,,,,,,,,,,,,,,,,,,,,,,Turret,,,,,,,,,,,,,,,
f,,,,,composite,,,,,,,,,,,,,,,,,,,,,,,,,,,,,,,,,Gothic,,,,,,Pure;high,,,,,,,imitation,,,,,,,,,,,,,,,,,,,,,,,,,,,,,,,,,,,,,,,,,,,,,,,,,,,,,,,,,,,,,,,,,,,,,,,,,,,,,,,,,,,,,,,,,,,,,,,,,,,,,,,,,,,,,,,,,,,,,,
f,,,,,Anthology,,,,,,,,,,,periodic,,,,,,,,,,,,,,,,,,,,,,,,Gothicism,,,,,,,,,,,,,,,,,,,,,,,,,,,,,,,,,,,,,,,,,,,,,,,,,,,,,,,,,,,,,,,,,,,,,,,,,,,,,,,,,,,,,,,,,,,,,,,,,,,,tales,,,,,,,,,,,,,,,,,,,,,,,,,,,volumes,,
f,sentimental,,,,,,,,,,,,,,,elements,,,,,,,,,,,,,,,,,,,,,,,Gothified,,,,,,history,,terror,,,,,,,,,,,,,,,,,,,,,,,,,,,,,,,,,,,,,,,,,,,,,,,,,,,,,,,,,,,,,,,,,,,,,,,,,,,,,,,,,,,,,,,,,,,,,,,,,,,,,,,,,,,,,,,,,,,,,,,,,,
f,,,,,,,,,,,,,,,,,,,,,,,,,,,,,,,,,,,,,,,Gothified,,,,,,history,,terror,,,,,,,,,,,,,,,,,,,,,mode,,,,,,,,,,,,,,,,,,,,,,,,,,,,,,,,,,,,,,,,,,,,,,,,,,,,,,,,,,,,,,,,,,,,,,,,,,,,,,,,,,,,,,,,,,,,,,,,,,,,,
f,,,,,,,,,,,,,,,,,,,,,,,,,,,,,,,,,,,,,,,Gothified,,,,,,history,,terror,,,,,,,,,,,,,,,,,,,,,mode,,,,,,,,,,,,,,,,,,,,,,,,,,,,,,,,,,,,,,,,,,,,,,,,,,,,,,,,,,,,,,,,,,,,,,,,,,,,,,,,,,,,,,,,,,,,,,,,,,,,,
f,,,,,,,,,,,,,,,,elements,,,,,,,,,,,,,,,,,,,,Schauerromantik,,Gothic,,,,,,Pure;high,,,,,,,,,,,,,,,,,,,,,,,,,,,,,,,,,,,,,,,,,,,,,,,,,,,,,,,,,,,,,,,,,,,,,,,,,,,,,,,,,,,,,,,,,,,,,,,,,,,,,,,,,,,,,,,,,,,,,,,,,,,,,
f,,,,,,,,,,,,,,,,,,,,,,,,,,,,,,,,,,,,,,Gothic,,,,,,Pure;high,,,terror,,,,,,,,,,,,,,,,,,,,,mode,,,,,,,,,,,,,,,,,,,,,,,,,,,,,,,,,,,,,,,,,,,,,,,,,,,,,,,,,,,,,,,,,,,,,,,,,,,,,,,,,,,,,,,,,,,,,,,,,,,,,
f,,,,,,,,,,,,characters,,,,elements,,,,Domestic,,,,,,,,,,fiction,,,,,,,,Gothic,,,,,,,,,,,,,,,,,,,,,,,,,,,,,,,,,,,,,,,,,,,,,,,,,,,,,,,,,,,,,,,,,,,,,,,,,,,,,,,,,,,,,,,,,,,,,,,,,,,,,,,,,,,,,,,,,,,,,,,,several,,,,,,,,,,,
f,Sentimental,,,,,,,,,,,,,,,,,,,,,,,,,,,,,,,,,,,,,Gothic,,,,,,,,,,,,,imitation,,,,,,,,,,,,,,,,,,,,,,,,,,,,,,,,,,,,,,CharlotteSmith,,,,,,,,,,,,,,,,,,Mrs.Radcliffe,,,,,,,,,,,,,,,,,,,,,,,,,,,,,,,,,,,,,,,,,,,,,,,,,,,,,,,,,,,,,,
f,Sentimental,,,,,,,,,,,,,,,,,,,,,,,,,,,,,,,,,,,,,Gothic,,,,,,,,,,,,,imitation,,,,,,,,,,,,,,,,,,,,,,,,,,,,,,,,,,,,novels,,CharlotteSmiths,,,,,,,,,,,,,,,,,,,,,,,,,,,,,,,,,,,,,,,,,,,,,,,,,,,,,,,,,,,,,,,,,,,,,,,,,,,,,,,,
f,,,,,,,,,,,,,,,,,,,,,,,,,,,,,,,,,,,,,,Gothic,,,,,,Pure;high,,,,,,,imitation,,,,,,,,,,,,,,,,,,,,,,,,,,,,,,,,,,,,,,,,,,,,,,,,,,,,,,,,Radcliffean,,,,,,,,,,,,,,,,,,,,,,,,,,,,,,,,,,,,,,,,,,,,,,,,,,,,,,,,,,,,,,
f,,,,,,,,,,,,,,,,,,,,Domestic,,,,,,,,father,,,,,,,,,,Gothic,,,,,,,,,,,,,,,,,,,,,,,,,,,,,,,,,,,,,,,,,,,,,,,,,,,,,,,,,,,,,,,,,,,,,,,,,,,,,,,,,,,,search,,,,,,,,,,,,,,,,,,,,,,,,,,,,,,,,,,,,,,,,,,,,,,,
f,,,,,,,,,,,,,,,,,,,,Domestic,,,,,,,,,,,,,,,genealogical,,,Gothic,,,,,,,,,,,,,,,,,,,,,,,,,,,,,,,,,,,,,,,,,,,,,,,,,,,,,,,,,,,,,,,,,,puzzlements,,,,,,,,,,,,,,,,,,,,,,,,,,,,,,,,,,,,,,,,,,,,,,,,,,,,,,,,,,,,,,,,,
f,,,,,,,,,,,,,,,,,,,,,,,,,,,,,,,,,,,,,,Gothic,,,,,,Pure;high,,,,,,,imitation,,,,,,,,,,,,,,,,,,,,,,,,,,,,,,,,,,,,,,,,,,,,,,,,,,,,,,,,Radcliffean,,,,,,,,,,,,,,,,,,,,,,,,,,,,,,,,,,,,,,,,,,,,,,,,,,,,,,,,,,,,,,
f,,,,,,,,,,,,,,,,,,,,,,,,,,,,,,,,,,,genealogical,,,Gothic,,,,,,Pure;high,,,terrors,,,,,,,,,,,,,,,,,,,,,,,,,,,,,,,,,,,,,,,,,,,,,,,,,,pleasures,,,,,,,,,,,,,,,,,,,,,,,,,,,,,,,,,,,,,,,,,,,,,,,,,,,,,,,,,,,,,,mild,,,,,,,,,,
f,,,,,,,,,,,,,,,,elements,,,,domestic,,,entanglements,,,,,,,,,,,,genealogical,,,Gothic,,,,,,Pure;high,,,,,,,,,,,,,,,,,,,,,,,,,,,,,,,,,,,,,,,,,,,,,,,,,,,,,,,,,,,,,,,,,,,,,,,,,,,,,,,,,,,,,,,,,,,,,,,,,,,,,,,,,,,,,,,,,,,,,,,,,,,,,
f,,,,,,,,,,,,,,,,elements;intermittent,,,,Domestic,,,,,,,,,,fiction,,,,,,,,Gothic,,,,,,,,,,,,,,,,,,,,,,,,,,,,,,,,,,,,,,,,,,,,,,,,,,,,,,,,,,,,,,,,,,,,,,,,,,,,,,,,,,,,,,,,,,,,,,,,,,,,,,,,,,,,,,,,,,,,,,,,,,,,,,,,,,,
f,,,,,,,,,,,,,,,,effects,,,,,,,,,,,,,,,,,,,,,,,Gothified,,,,,,history,,,,,,,,,,,,,,,,,,,,,,,,,,,,,,,,,,,,,,,,,,,,,,,,,,,,,,,,,,,,,,Radcliffean,,,,,,,,,,,,,,,,,,,,,,,,,,,,,,,,,,,,,,,,,,,,,,,,,,,,,,,,,,,,,,
f,,,,,,,,,,,,,,,,effects;intermittent,,,,Domestic,,,,,,,,,,fiction,,,,,,,,Gothic,,,,,,,,,,,,,,,,,,,,,,,,,,,,,,,,,,,,,,,,,,,,,,,,,,,,,,,,,,,,,,,,,,,,,,,,,,,,,,,,,,,,,,,,,,,,,,,,,,,,,,,,,,,,,,,,,,,,,,,,,,,,,,,,,,,
f,,,,,,,,,,,,,,,,,,,,,,,,,,,,,,,,,,,,,,,Gothified,,,,,,history,,terror,,,,,,,,,,,,,,,,,,,,,mode,,,,,,,,,,,,,,,,,,,,,,,,,,,,,,,,,,,,,,,,,,,,,,,,,,,,,,,,,,,,,,,,,,,,,,,,,,,,,,,,,,,,,,,,,,,,,,,,,,,,,
f,,,,,,,,,,,,,,,,,,,,,,,,,,,,,,,,,,,,,,,Gothified,,,,,,history,,,,,,imitation,,,,,,,,,,,,,,,,,,,,,,,,,,,,,,,,,,,,,,,,,OTRANTO,,,,,,,,,,,,,,,,,,,,,,,,,,,,,,,,,,,,,,,,,,,,,,,,,,,,,,,,,,,,,,,,,,,,,,,,,,,,,
f,,,,,,,,,,,,,,,,,,,,,,,,,,,,,,,,,,,,,,Gothic,,,,,,Pure;high,,,terror,,,,,,,,,,,,,,,,,,,,,mode,,,,,,,,,,,,,,,,,,,,,,,,,,,,,,,,,,,,,,,,,,,,,,,,,,,,,,,,,,,,,,,,,,,,,,,,,,,,,,,,,,,,,,,,,,,,,,,,,,,,,
f,,,,,,,,,,,,,,,,,,content,,,,,,,,,,,,,,,,,,,,Gothic,,,,,,Pure;high,,,,,,,,,,,,,,,,,,,,,,,,,,,,,philosophical,,philosophical,,,philosophical,,,,,,,,,,,,,,,,,,,,,,,,,,,,,,,,,,,,,,,,,,,,,,,,,,,,,,,,,,,,,,,,,,,,,,,,,,,,,,,,,some,,,,,,,,,,
f,,,,,,,,,,,,,,,,elements,,,,,,,,,,,,,,,,,,,,,,Gothic,,,,,,Pure;high,,,,,,,,,,,,,,,,,,,,,,,,,,,,,didactit,didactit,,,,,,,,,,nationalistic,,,,,,,,,,,,,,,,,,,,,,,,,,,,,,,,,,,,,,,,,,,,,,,,,,,,,,,,,,,,,,,,,,,,,,,,,,,,,,,,,,,,,
f,,,,,,,,,,,,,,,,elements,,,,,,,,,,,,,,,,,,,,Germanic;Schauerromantik,,Gothic,,,,,,Pure;high,,,,,,,,,,,,,,,,,,,,,,,,,,,,,,,,,,,,,,,,,,,,,,,,,,,,,,,,,,,,,,,,,,,,,,,,,,,,,,,,,,,,,,,,sham,,,,,,,,,,,,,,,,,,,,translation,,,,,,,,,,,,,,,,,
f,,,,,,,,,,,,,,,,,,,,,,,,,,explained,,,,,,,,,,,,Gothic,,,,,,Pure;high,,,terror,,,,,,,,,,,,,,,,,,,,,mode,,,,,,,,,,,,,,,,,,,,,,,,,,,,,,,,,,,,,,,,,,,,,,,,,,,,,,,,,,,,,,,,,,,,,,,supernatural,,,,,,,,,,,,,,,,,,,,,,,,,,,,,,
f,,,,,,,,,,,,,,,parody;satire,,,,,,,,,,,,,,,,,,,,,,,Gothic,,,,,heroine,,,,,,,,,,,,,,,,,,,,,,,,,,,,,,,,,,,,,motifs,,,,,,,,,,,,,,,,,,,,,,,,,,,,,,,,,,,,,,,,,,,,,,,serious,,,,,,,,,,,,,,,,,,,,,,,,,,,,,,,,some,,mixed,,,,,,,,
f,,,,,,,,,,,,,,,,,,,,Domestic,,,,,,,,,,,,,,,,,,Gothic,,,,,,,,,terror,,,,,,,,,,,,,,,,,,,,,mode,,,,,,,,,,,,,,,,,,,,,,,,,,,,,,,,,,,,,,,,,,,,,,,,,,,,,,,,,,,,,,,,,,,,,,,,,,,,,,,,,,,,,,,,,,,,,,,,,,,,,
f,,,,,,,,,,,,,,,,,,,,Domestic,,,,,,,,,,,,,,,,,,Gothic,,,,,,,,,,,,,,,,,,,,,,,,,,,,,,,,,,,,,,,,,,,,,,,,,novel,,,,,,,,,,,,,,,,,,,,,,,,,,,,,,,,,,,,,,,,,,,,,,,,,,,,,,,,,,,,,,,,,,,,,,,,slightly,,,,,,,,,,
f,,,,,,,,,,,,,,,parody,elements,,,,,,,,,,,,,,,,,,,,,,Gothic,,,,,,Pure;high,,,terror,,,,,,,,,,,,,,,,,,,,,,,,,,,,,,,,,,,,,,,,,,,,,,,,,,,,,,,,,,,,,,,,,,,,,,,,,,,,,,,,,,,,,artificial,,,,,,,,,,,,,,,,,,,,,,,,,,numerous,,,,,,,,,,,
f,Sentimental,,,,,,,,,,,,,,,,,,,,,,,,,,,,,,,,,,,,,Gothic,,,,,,,,,,,,,,,,,,,,,,,,,,,,,,,,,,,,,,,,,,,,,,,,,,,,,,,,,,,,,,,,,,,,,Radcliffean,,,,,,,,,,,,,,,,,,,,,,,,,,,,,,,,,,,,,,,,landscapes,,,,,,,,,,,,,,,,,,,,,,
f,Sentimental,,,,,,,,,,,,,,,,,,,,,,,,,,,,,,,,,,,,,Gothic,,,,,,,,,,,,,imitation,,,,,,,,,,,,,,,,,,,,,,,,,,,,,,,,,,,,,,,,,,,,,,,,,,,,,,,,Radcliffean,,,,,,,,,,,,,,,,,,,,,,,,,,,,,,,,,,,,,,,,,,,,,,,,,,,,,,,,,,,,,,
f,Sentimental,,,,,,,,,,,,,,,,,,,,,,,,,,,,,,,,,,,,,Gothic,,,,Grotto,,,,,,,,,,,,,,,,,,,,,,,,,,,,,,,,,,,,,,,,,,,,,,,,,,,,,,,,,,,,,,,,,,,,,,,,,,,,,,,,,,,,,,,,,,,,,,,,,,,,,,,,,,,,,,,,,,,,,,,,,,,,,,,
f,sentimental,,,,,,,,,,,,,,,elements,,,,,,,,,,,,,,,,,,,,,,Gothic,,,,,,Pure;high,,,terror,,,,,,,,,,,,,,,,,,,,,,,,,,,,,,,,,,,,,,,,,,,,,,,,,,,,,,,,,,,,,,,,,,,,,,,,,,,,,,,,,,,,,,,,,,,,,,,,,,,,,,,,,,,,,,,,,,,,,,,,,,
f,,,,,,,,,,,,,,,,,,,,,,,,,,,,,,,,,,,,,,,Gothified,,,,,,history,,,,,,,,,,,,,,,,,,,,,,,,,,,,,,,,,,,,,,,,,,,,,,,,,,,,,,,,,,,,,,,,,,,,,,,,,,,,,,,,,,,,,,,,,,,,,,,,,,,,,,,,,,,,,,,,,,,,,,,,,,,,
f,,,,,,,,,,,,,,,,,,,,,,,,,,,,,,,,,,,,,,,Gothified,,,,,,history,,,,,,,,,,,,,,,,,,,,,,,,,,,,,,,,,,,,,,,,,,,,,,,,,,,,,,,,,,,,,,,,,,,,,,,,,,,,,,,,,,,,,,,,,,,,,,,,,,,,,,,,,,,,,,,,,,,,,,,,,,,,
f,,,,,,,,,,,,,,,,elements;periodic,,,,,,,,,,,,,,fiction,,,,,,,,Gothic,,,,,,,Historical,,,,,,,,,,,,,,,,,,,,,,,,,,,,,,,,,,,,,,,,,,,,,,,,,,,,,,,,,,,,,,,,,,,,,,,,,,,,,,,,,,,,,,,,,,,,,,,,,,,,,,,,,,,,,,,,,,,,,,,,,,,,
f,,,,,,,,,,,,,,,,elements;intermittent,,,,,,,,,,,,,,,,,,,,,,Gothic,,,,,,,Historical,,,,,,,,,,,,,,,,,,,,,,,,,,,,,,,,,,,,,,,,,,novel,,,,,,,,,,,,,,,,,,,,,,,,,,,,,,,,,,,,,,,,,,,,,,,,,,,,,,,,,,,,,,,,,,,,,,,,,,,,,,,,,,
f,,,,,,,,,,,,,,,,,,,,,,,,,,,,,,,,,,,,,,Gothic,,,,,,Pure;high,,,terror,,,,,,,,,,,,,,,,,,,,,mode,,,,,,,,,,,,,,,,,,,,,,,,,,,,,,,,,,,,,,,,,,,,,,,,,,,,,,,,,,,,,,,,,,,,,,,,,,,,,,,,,,,,,,,,,,,,,,,,,,,,,
f,,,,,,,,,,,,,,,,,,,,,,,,,,,,,,,,,,,,,,Gothic,,,,,,Pure;high,,,terror,,,,,,,,,,,,,,,,,,,,,mode,,,,,,,,,,,,,,,,,,,,,,,,,,,,,,,,,,,,,,,,,,,,,,,,,,,,,,,,,,,,,,,,,,,,,,,,,,,,,,,,,,,,,,,,,,,,,,,,,,,,,
f,,,,,,,,,,,,,,,,,,,,,,,,,,,,,,,,,,,,,,Gothic,,,,,,Pure;high,,,terror,,,,,,,,,,,,,,,,,,,,,mode,,,,,,,,,,,,,,,,,,,,,,,,,,,,,,,,,,,,,,,,,,,,,,,,,,,,,,,,,,,,,,,,,,,,,,,,,,,,,,,,,,,,,,,,,,,,,,,,,,,,,
f,,,,,,,,,,,,,,,,,,,,,,,,,,,,,,,,,,,,,,Gothic,,,,,,Pure;high,,,terror,,,,,,,,,,,,,,,,,,,,,mode,,,,,,,,,,,,,,,,,,,,,,,,,,,,,,,,,,,,,,,,,,,,,,,,,,,,,,,,,,,,,,,,,,,,,,,,,,,,,,,,,,,,,,,,,,,,,,,,,,,,,
f,,,,,,,,,,,,,,,,,,,,,,,,,,,,,,,,,,,,,,Gothic,,,,,,Pure;high,,horror,terror,horror-terror,,,,,,,,,,,,,,,,,,,,,,modes,,,,,,,,,,,,,,,,,,,,,,,,,,,,,,,,,,,,,,,,,,,,,,,,,,,,,,,,,,,,,,,,,,,,,,,,,,,,,,,,,,,,,,,,,,,,,,,,,,,
f,,,,authentic,,,,,,,,,,,,elements,,,,,,,,,,,,,,,,,,,,,,,Gothified,,,,,,history,,,,,,,,,,,,,,,,,,,,,,,,,,,,,,,,,,,,,,,,,,,,,,,,,,,,,,,,,,,,,,,,,,,,,,,,,,,,,,,,,,,,,,,,,,,,,,supernatural,,,,,,,,,,,,,,,,,,,,,,,,,,,,,,
f,,,,,,,,,,,,,,,,,,,,,,,,,,,,,,,,,,,,,,Gothic,,,,,,Pure;high,,,,,,,imitation,,,,,,,,,,,,,,,,,,,,,,,,,,,,,,,,,,,,,,,,,,,,,,,,,,,first,,,,,Mrs.Radcliffe,,,,,,,,,,,,,,,,,,,,,,,,,,,,,,,,,,,,,,,,,,,,,,,,,,,,,,,,,,,,,,
f,,,,,,,,,,,,,,,,,,,,,,,,,,,,,,,,,,,,,,Gothic,,,,,,Pure;high,,,,,,,imitation,,,,,,,,,,,,,,,,,,,,,,,,,,,,,,,,,,,,,,,,,,,,,,,,,,,,,,,,Radcliffean,,,,,,,,,,,,,,,,,,,,,,,,,,,,,,,,,,,,,,,,,,,,,,,,,,,,,,,,,,,,,,
f,,,,,,,,,,,,,,,,,,,,domesticated,,,,,,,,,,,,,,,,,,Gothic,Gothified,,,,,,history,,,,,,,,,,,,,,,,,,,,,,,,,,,,,,,,,,,,,,,,,,,,,,,,,,,,,,,,,,,,,,,,,,,,,,,,,,,,,,,,,,,,,,,,,,,,,,supernatural,,,,,,,,,,,,,,,,,,,,subdued,,,,,,,,,,
f,Sentimental,,,,,,,,,,,,,,,elements;intermittent,,,,,,,,,,,,,,fiction,,,,,,,,Gothic,,,,,,,,,,,,,,,,,,,,,,,,,,,,,,,,,,,,,,,,,,,,,,,,,,,,,,,,,,,,,,,,,,,,,,,,,,,,,,,,,,,,,,,,,,,,,,,,,,,,,,,,,,,,,,,,,,,,,,,,,,,,,,,,,,,
f,Sentimental,,,,,,,,,,,,,,,elements;intermittent,,,,,,,,,,,,,,fiction,,,,,,,,Gothic,,,,,,,,,,,,,,,,,,,,,,,,,,,,,,,,,,,,,,,,,,,,,,,,,,,,,,,,,,,,,,,,,,,,,,,,,,,,,,,,,,,,,,,,,,,,,,,,,,,,,,,,,,,,,,,,,,,,,,,,,,,,,,,,,,,
f,Sentimental,,,,,,,,,,,,,,,elements;intermittent,,,,,,,,,,,,,,fiction,,,,,,,,Gothic,,,,,,,,,,,,,,,,,,,,,,,,,,,,,,,,,,,,,,,,,,,,,,,,,,,,,,,,,,,,,,,,,,,,,,,,,,,,,,,,,,,,,,,,,,,,,,,,,,,,,,,,,,,,,,,,,,,,,,,,,,,,,,,,,,,
f,,,,,,,,,,,,,,,,elements,,,,Domestic,,,,,,,,,,fiction,,,,,,,,Gothic,,,,,,,,,,,,,,,,,,,,,,,,,,,,,,,,,,,,,,,,,,,,,,,,,,,,,,,,,,,,,,,,,,,,,,,,,,,,,,,,,,,,,,,,,,,,,,,,,,,,,,,,,,title,,,,,,,,,,,,,,,,,,,,,,,,,
f,Sentimentalized,,,,,,,,,,,,,,,,,,,,,,,,,,,,,,,,,,,,,Gothic,,,,,,,,,,,,,,,,,,,,key,,,,,,,,,,,,,,,,,,,,,,motif,mysterious,,,,,,,,,,,,,,,,,,,,,,,,,,,,,,,,,,,,,,,,,,,,,,,,,,,,,,,,,,,,,,,,,,,,,,,,,,,,,,,,,,,,,,,,
f,,,,,,,,,,,,,,,,,,,,,,,,,,,,,,,,,,,,,,Gothic,,,,,,Pure;high,,,,,,,imitation,,,,,,,,,,,,,,,,,,,,,,,,,,,,,,,,,,,,,,,,,,,,,,,,,,,,,,,,Radcliffean,,,,,,,,,,,,,,,,,,,,,,,,,,,,,,,,,,,,,,,,,,,,,,,,,,,,,,,,,,,,,,
f,Sentimentalized,,,,,,,,,,,,,,,elements,,,,,,,,,,,,,,,,,,,,,,Gothic,,,,,,,,,,,,,,,,,,,,,,,,,,,,,,,,,,,,,,,,,,,,,,,,,,,,,,,,,,,,,,,,,,,,,Radcliffean,,,,,echoes,,,,,,,,,,,,,,,,,,,,,,,,,,,,,,,,,,,,,,,,,,,,,,numerous,,,,,,,,,,,
f,Sentimentalized,,,,,,,,,,,,,,,elements;intermittent,,,,,,,,,,,,,,,,,,,,,,Gothic,,,,,,,,,,,,,,,,,,,,,,,,,,,,,,,,,,,,,,,,,,,,,,,,,,,,,,,,,,,,,,,,,,,,,Radcliffean,,,,,,,,,,,,,,,,,,,,,,,,,,,,,,,,,,,,,,,,,,,,,,,,,,,,,,,,,,,,,,
f,,,,,,,,,,,,,,,,,,,,,,,,,,,,,,,,,,,,,,Gothic,,,,,,Pure;high,,,terror,,,,,,,,,,,,,,,,,,,,,mode,,,,,,,,,,,,,,,,,,,,,,,,,,,,,,,,,,,,,,,,,,,,,,,,,,,,,,,,,,,,,,,,,,,,,,,,,,,,,,,,,,,,,,,,,,,,,,,,,,,,,
f,sentimental,,,,,,,,,,,,,,,elements,,,,Domestic,,,,,,,,,,,,,,,,,,Gothic,,,,,,,,,,,,,,,,,,,,,,,,,,,,,,,,,,,,,,,,,,,,,,,,,,,,,,,,,,,,,,,,,,,,,,,,,,,,,,,,,,,,,,,,,,,,,,,,,,,,,,,,,,,,,,,,,,,,,,,,numerous,,,,,,,,,,,
f,,,,,,,,,,,,,,,,elements,,,,Domestic,,,,,,,,,,,,,,,,,,Gothic,,,,,,,,,terror,,,,,,,,,,,,,,,,,,,,,,,,,,,,,,,,,,,,,,,,,,,,,,,,,,,,,,,,,,,,,,,,,,,,,,,,,,,,,,,,,,,,,,,,,,,,,,,,,,,,,,,,,,,,,,,,,,various,,,,,,,,
f,Sentimentalized,,,,,,,,,,,,,,,components,,,,,,,,,,,,,,,,,,,,,,Gothic,,,,,,,,,,,,,,,,,,,,,,,,,,,,,,,,,monastic,,,,,,,,,,,,,,,,,,,,,,,,,,,,,,,,,,,,,,,,,,,,,,,,,,,,,,,,,shocker,,,,,,,,,,,,,,,,,,,,,,,,,,,,,,,some,,,,,,,,,,
f,Sentimentalized,,,,,,,,,,,,,,,elements,,,,,,,,,,,,,,,,,,,,,,Gothic,,,,,,,,,terror,,,,,,,,,,,,,,,,,,,,,,,,,,,,,,,,,,,,,,,,,,,,,,,,,,,,,,,,,,,,,,,,,,,,,,,,,,,,,,,,,,,,,,,,,,,,,,,,,,,,,,,,,,,,,,,,some,,,,,,,,,,
f,,,,,,,,,,,,,,,,elements;Semi,,,,Domestic,,,,,,,,,,,,,,,,,,Gothic,,,,,,,,,,,,,,,,,,,,,,,,,,,,,,,,,,,,,,,,,,,,,,,,,,,,,,,,,,,,,,,,,,,,,Radcliffean,,,,,,,,,,,,,,,,,,,,,,,,,,,,,,,,,,,,,,,,scenery,,,,,,,,,,,,,,,,,,,,,,
f,Sentimental,,,,,,,,,,,,,,,elements;secondary,,,,,,,,,,,,,,fiction,,,,,,,,Gothic,,,,,,,,,,,,,,,,,,,,,,,,,,,,,,,,,,,,,,,,,,,,,,,,,,,,,,,,,,,,,,,,,,,,,,,,,,residual,,,,,,,,,,,,,,,,,,,,,,,,,,,,,,,,,,,,,,,,,,,,,,,,,,,,,,,,,
f,sentimental,,,,,,,,,,,,,,,,,,,,,,,,,,,,,,,,,,,,,Gothic,,,,,,,,,,,,,,,,,,,,,,,,,,,,,,,,,,,,,,,,,,,,,,,,,novel,,,,,,,,,,,,,,,,,,,,,,,,,,,,,,,,,,,,,,,,,,social,,,Fake,,,,,,,,,,,,title,,,,,,,,,,,,,,,,,,,,,,,,,
f,,,,,,,,,,,,,,,,,,,,Domestic,,,,,,,,,,,,,,,,,,Gothic,,,,,,,,,,,,,,,,,,,,,,,,,,,,,,,,,,,,,,,,,,,,,,,,,,,,,,,,,,,,,,,,,,,,,,,,,,,,,,,,,,,,,,,,,,,,,,,,,,,,,,,,,,,,,,,,,,,,,,,,,,,,,,,,,,,
f,,,,,,,,,,,,,,,,,,,,,,,,,,,,,,,,,,,,,,,Gothified,Gothicism,,,,,history,,,,,,imitation,,,,,,,,,,,,,,,,,,,,,,,,,,,,,,,,,,,,,,,,,,,,,,,,,,,,,,,,,,,,,,,,Rochean,,,,,,,,,,,,,,,,,,,,,,,,,,,,,,,,,,,,,,,,,,,,,,,,,,,,,,
f,,,,,,,,,,,,,,,,elements,,,,,,,,,,,,,,,,,,,,,,,Gothified,,,,,,history,,terror,,,,,,,,,,,,,,,,,,,,,,,,,,,,,,,,,,,,,,,,,,,,,,,,,,,,,,,,,,,,,,,,,,,,,,,,,,,,,,,,,,,,,,,,,,,,,,,,,,,,,,,,,,,,,,,,,,,,,,,,,,
f,,,,,,,,,,,,,,,,elements;intermittent,,,,,,,,,,,fantasy,,,,,,,,,,,Gothic,,,,,,,,,,,,,,,,,,,,,,,,,,,,,,,,,,,,,,,,,,,,,,,,,,,,,,,,,Picaresque,,,,,,,,,,,,,,,,,,,,,,,,,,,,,,,,,,,,,,,,,,,,,,,,,,,,,,,,,,,,,,,,,,,,,,,,,,
f,,,,,,,,,,,,,,,,,,,,,,,,,,,,,,,,,,,,,,,,,,,,,,,terror,,,,,,,,,,,,,,,,,,,,,mode,,,,,,,,,,,,,,,,,,,,,,,,,,,,,,,,,,,,,,,,,,,,,,,,,Romance,ruin,,,,,,,,,,,,,,,,,,,,,,,,,,,,,,,,,,,,,,,,,,,,,,,,,,,
f,,,,,,,,,,,,,,,,,,,,,,,,,,,,,,,,,,,,,,Gothic,,,,,,Pure;high,,,,,,,imitation,,,,,,,,,,,,,,,,,,,,,,,,,,,,,,,,,,,,,,,,,,,,,,,,,,,,,,,,Radcliffean,,,,,,,,,,,,,,,,,,,,,,,,,,,,,,,,,,,,,,,,,,,,,,,,,,,,,,,,,,,,,,
f,,,,,,,,,,,,,,,,,,,,,,,,,,,,,,,,,,,,,,Gothic,,,,,,Pure;high,,,,,,,imitation,,,,,,,,,,,,,,,,,,,,,,,,,,,,,,,,,,,,,,,,,,,,,,,,,,,,,,,,Radcliffean,,,,,,,,,,,,,,,,,,,,,,,,,,,,,,,,,,,,,,,,,,,,,,,,,,,,,,,,,,,,,,
f,,,,,,,,,,,,,,,,elements,,,,,,,,,,,,,,,,,,,,,,Gothic,,,,,,Pure;high,,,,,,,,,,,,,,,LARELIGIEUSE,,,,,,,,,,,,monastic,,,,,,,,,,,,,,,,,,,,,,,,,,,,,,,,,,,,,,,,influence,,,,,,,,,,,,,,,,,shocker,,,,,,,,,,,,,,,,,,,,,,,,,,,,,,,,,,,,,,,,,
f,,,,,,,,,,,,,,,,,,,,,,,,,,,,,,,,,,,,,,Gothic,,,,,,Pure;high,,,,,,,imitation,,,,,,,,,,,,,,,,,,,,,,,,,,,,,,,,,,,,,,,,,,,,,,,,,,,,,,,,Radcliffean,,,,,,,,,,,,,,,,,,,,,,,,,,,,,,,,,,,,,,,,,,,,,,,,,,,,,,,,,,,,,,
f,,,,,,,,,,categorized,,,,,,,,,,,,,,,,,,,,fiction,,,,,,,,Gothic,,,,,,,,,,,,,,,,,,,,,,,,,,,,,,,,,,,Philosophical,,Philosophical,,,Philosophical,,,,,,,,,,,,,,,,,,,,,,,,primitive,,,,,,,,,,,,,,,,,,,science,,,,,,,,,,,,,,,,,,,,,,,,,,,,,,,,,,,,,,sometimes,,,,,,,,,,
f,,,,,,,,,castle,,,character,,,,,,,,,,,,,,,,,,,,,,,,,,,Gothified,,,,,,history,,,,,,,,,,,,main,,,,,,,,,,,,,,,,,,,,,,,,,,,,,,,,,,,,,,,,,,,,,,,,,,,,,,,,,,,,,,,,,,,,,,,,,,,,,,,,,,,,,,,,,,,,,,,,,,,,tyrant,,,,,,,,,,,,
f,,,,,,Apocalyptic,,,,,,,,,,,,,,,,,,,,,,,,fiction,,,,futuristic,,,,Gothic,,,,,,,,,,,,,,,,,,,,,,,,,,,,,,,,,,,,,,,,,,,,,,,,,,,,,,,,,,,,,,,,,,,,,,,,,,,,,,,,,,,science,,,,,,,,,,,,,,,,,,,,,,,,,,,,,,,,,,,,,,,,,,,,,,,,
f,,,,,,,,,,,,,,,,,,,,,,,,,,,,,,,,,,,,,,,Gothified,,,,,,history,,,,,,,,,,,,,,,,,,,,,,,,,,,,,,,,,,,,,,,,,,,,,,,,,,,,,,,,,,,,,,,,,,,,,,,,,,,,,,,,,,,,,,,,,,,,,,,,,,,,,,,,,,,,,,,,,,,,,,,,,,,,
f,,,,,,,,,,,,,,,,traits,,,,Domestic,,,,,,,,,,fiction,,,,,,,,Gothic,,,,,,,,,,,,,,,,,,,,,,,,,,,,,,,,,,,,,,,,,,,,,,,,,,,,,,,,,,,,,,,,,,,,,,,,,,recessive,,,,,,,,,,,,,,,,,,,,,,,,,,,,,,,,,,,,,,,,,,,,,,,,,,,,,,,,,
f,,,,,,,,,,,,,,,,elements,,,,,,,,,,,,,,,,,,,,Germanic,,Gothic,,,,,,Pure;high,,,terror,,,,,,,,,,,,,,,,,,,,,,,,,,,,,,,,,,,,,,,,,,,,,,,,,,,,,,,,,,,,,,,,,,,,,,,,,,,,,,,,,,,,,,,,,,sublime,,,,,,,,,,topographies,topographies,,,,,,,,,,,,,,,,,,,,,
f,,,,,,,,,,,,,,,,elements,,,,,,,,,,,,,,,,,,,,,,Gothic,,,,,,Pure;high,,,terror,,,,,,,,,,,,,,,,,,,,,,,,,,,,,,,,,,,,,,,,,,,,,,,,,,,,,,,,,,,,,,,,,,,,,,,,,,,,,,,,,,,,,,,,,,,,,,,,,,,,,,,,,,,,,,,,,,,,,,,,,,
f,,,,,,,,,,,,,,,,situations,,,,,,,,,,,,,,,,,,,,,,Gothic,,,,,,Pure;high,,horrific,,,horror,,,,,,,,,,,,,,,,,,medievalism,,,,,,,,,,,,,,,,,,,,,,,,,Walpole,,,,,,,,,,,,,,,,,Reeve,,,,,,,,,,,,,,,,,,,,,,from,,,,,,,,,,,,,,,,,,,,,,,,,,,,,,,,,,,,,,
f,,,,,,,,,,,,,,,,,,,,,,,,,,,,,,,,,,,,,,Gothic,,,,,,Pure;high,,,,,,,imitation,,,,,,,,,,,,,,,,,,,,,,,,,,,,,,,,,,,,,,,,,,,,,,,,,,,,,,,,Radcliffean,,,,,,,,,,,,,,,,,,,,,,,,,,,,,,,,,,,,,,,,,,,,,,,,,,,,,,,,,,,,,,
f,,,,,,,,,,,,,,,,,,,,,,,,,,,,,,,,,,,,,,Gothic,,,,,,Pure;high,,,terror,,,,imitation,,,,,,,,,,,,,,,,,mode,,,,,,,,,,,,,,,,,,,,,,,,,,,,,,,,,,,,,,,Radcliffean,,,,,,,,,,,,,,,,,,,,,,,,,,,,,,,,,,,,,,,,,,,,,,,,,,,,,,,,,,,,,,
f,,,,,,,,,,,,,,,,,,,,,,,,,,,,,,,,,,,,,,Gothic,,,,,,Pure;high,,horror,terror,horror-terror,,,,,,,,,,,,,,,,,,,,,,modes,,,,,,,,,,,,,,,,,,,,,,,,,,,,,,,,,,,,,,,,,,,,,,,,,,,,,,,,,,,,,,,,,,,,,,,,,,,,,,,,,,,,,,,,,,,,,,,,,,,
f,Sentimental,,,,,,,,,,,,,,,features,,,,,,,,,,,,,,,,,,,,,,Gothic,,,,,,,,,terror,,,,,,,,,,,,,,,,,,,,,,,,,,,,,,,,,,,,,,,,novel,,,,,,,,,,,,prominent,,,,,,,,,,,,,,,,,,,,,,,,,,,,,,,,,,,,,,,,,,,,,,,,,,,,,,,,,,,,,,,,,,,,,,
f,Sentimental,,,,,,,,,,,,,,,,,,,,,,,,,,,,,,,,,,,,,Gothic,,,,,,,,,,,,,,,,,,,,,,,,,,,,,,,,,,,,,,,,,,,,,,,,,,,,,,,,,,,,,,,,anticipates,,,,,Radcliffean,,,,,,,,,,romance,,,,,,,,,,,,,,,,,,,,,,,,,,,,,,,,,,,,,,,,,,,,,,,,,,,,
f,Sentimental,,,,,,,,,,,,,,,elements,,,,,,,,,,,,,,,,,,,,,,Gothic,,,,,,,,,,,,,,,,,,,,,,,,,,,,,,,,,,,didactic;polemical,didactic,polemical,polemical,,,,,,,,,,,,,,,,,,,,,,,,,,,,,,,,,,,,,,,,,,,,,,,,,,,,,,,,,,,,,,,,,,,,,,,,,,,,,,,,,,,,,,,,,,,,,
f,,,,,,,,,,,,,,,,,,,,,,,,,,,,,,,,,French,,,,,Gothic,,,,,,,,,terrors,,,,,,,,,,,,,,,,,,,,,,,,,,Political,,Political;Revolution,,Political,,Revolution,,,,,,,,,,,,,,,,,,,,,,,,,,,,,,,,,,,,,,,,,,,,,,,,,,,,,,,,,,,,,,,,,,,,,,,,,,,,,,,,,,,,,,,,,,
f,Sentimentalized,,,,,,,,,,,,,,,effects;devices,,,,,,,,,,,,,,,,,,,,,,Gothic,,,,,,,,,,,,,,,,,,,,,,,,,,,,,,,,,,,,,,,,,,,,,,,,,,,,,,,,,,,,,,,,,,,,,Radcliffean,,,,,,,,,,,,,,,,,,,,,,,,,,,,,,,,,,,,,,,,,,,,,,,,,,,,,,various,,,,,,,,
f,,,,,,,,bluebook,,,,,,,,,,,,,,,,,,,,,,,,,,,,,,Gothic,,,,,,Pure;high,,,terror,,,,,,,,,,,,,,,,,,,,,mode,,,,,,,,,,,,,,,,,,,,,,,,,,,,,,,,,,,,,quality,,,,,,,,,,,,,,,,,,,,,,,,,,,,,,,,,,,,,,,,,,,,,,,,,,,,,,,,,,,,,,,,
f,Sentimental,,,,,,,,,,,,,,,elements,,,,,,,,epistolary,,,,,,,format,,,,,,,Gothic,,,,,,,,,,,,,,,,,,,,,,,,,,,,,,,,,,,,,,,,,,,,,,,,,,,,,,,,,,,,,,,,,,,,,Radcliffean,,,,,,,,,,,,,,,,,,,,,,,,,,,,,,,,,,,,,,,,,,,,,,,,,,,,,,,,,,,,,,
f,,,,,,,,,,,,,,,,elements,,,,,,,,,,,,,,,,,,,,,,Gothic,,,,,,Pure;high,,,,,,,,,,,,,,,,,,,,,,,,,,,monastic,,,,,,,,,,,,,,,,,,,,,,,,,,,,,,,,,,,,,,,,,,,,,,,,,,,,,,,,,shocker,,,,,,,,,,,,,,,,,,,,,,,,,,,,,,,,,,,,,,,,,
f,,,,,,,,,,,,,,,,elements,,,,,,,,,,,,,,,,,,,,,,Gothic,,,,,,Pure;high,,,,,,,imitation,,,,,,,,,,,,,,,,,,,,monastic,,,,,,,,,,,,,,,,,,,,,,,,,,,,,,,,,,,,THEITALIAN,,,,,,,,,,,,,,,,,,,,,shocker,,,,,,,,,,,,,,,,,,,,,,,,,,,,,,,,,,,,,,,,,
f,Sentimental,,,,,,,,,,,,,,,components,,,,,,,,,,,,,,,,,,,,,,Gothic,,,,,,,,,,,,,,,,,,,,,,,,,,,,,,,,,,,,,,,,,,,,,,,,,,,,,,,,,,,,,,,,,,,,,,,,,,,,,,,,,,,,,,,,,,,,,,,spectral,,,,,subplots,,,,,,,,,,,,,,,,,,,,numerous,,,,,,,,,,,
f,,,,,,,,,,,,,,,,,,,,,,,,,,natural,,,,,,,,,,,,Gothic,,,,,,Pure;high,,,terror,,,,,,,,,,,,,,,,,,,,,,,,,,,,,,,,,,,,,,,,,,,,,,,,,,,,,,,,,,,,,,,,,,,,,,,,,,,,,,,,,,,,,,,,,,,,,,,,,,,,,,,,,,,,,,,,,,,,,,,,,,
f,Sentimental,,,,,,,,,,,,,,,elements,,,,,,,,,,,,,,,,,,,,,,Gothic,,,,,,,,,,,,,,,,,,,,,,,,,,,,,,,,,,,,,,,,,,,,,,,,,,,,,,,,,,,,,,,,,,,,,,,,,,,,,,,,,,,,,,,,,,,,,,,,,,,,,supernatural,,,,,,,,,,,,,,,,,,,,no,,,,,,,,,,
f,,,,,,,,,,,,,,,,elements;intermittent,,,,,,,,,,,,,,,,,,,,,,,Gothified,,,,,,history,,terror,,,,,,,,,,,,,,,,,,,,,,,,,,,,,,,,,,,,,,,,,,,,,,,,,,,,,,,,,,,,,,,,,,,,,,,,,,,,,,,,,,,,,,,,,,,,,,,,,,,,,,,,,,,,,,,,,,,,,,,,,,
f,,,,,,,,,,,,,,,,,,,,,,,,,,,,,,,,,,,,,,Gothic,,,,,,,,horror,terror,horror-terror,,,,,,,,,,,,,,,,,,,,,,,,,,,,,,,,,,,,,,,,,,Orientalized,,,passions,,,,,,,,,,,,,,,,,,,,,,,,,,,,,,,,,,,,,,,,,,,,,,,,,,,,,,,,,,,,,,,,,,minimal,,,,,,,,,,
f,Sentimental,,,,,,,,,,,,,,,,,,,,,,,,,,,,,,,,,,,,,Gothic,,,,,,,,,,,,,imitation,,,,,,,,,,,,,,,,,,,,,,,,,,,,,,,,,,,,,,CharlotteSmiths;EMMELINE,,,,,,,,,,,,,,,,,,,,,,,,,,,,,,,,,,,,,,,,,,,,,,,,,,,,,,,,,,,,,,,,,,,,,,,,,,,,,,,,
f,Sentimental,,,,,,,,,,,,,,,,,,,,,,,,,,,,,,,,,,,,,Gothic,,,,,,,,,terror,,,,,,,,,,,,,,,,,,,,,mode,,,,,,,,,,,,,,,,,,,,,,,,,,,,,,,,,,,,,,,,,,,,,,,,,,,,,,,,,,,,,,,,,,,,,,,,,,,,,,,,,,,,,,,,,,,,,,,,,,,,,
f,,,,,,,,,,,,,,,,,,,,,,,,,,,,,,,,,,,,,,Gothic,,,,Grotto,,,,horror,terror,horror-terror,,,,,,,,,,,,,,,,,,,,,,modes,,,,,,,,,,,,,,,,,,,,,,,,,,,,,,,,,,,,,,,,,,,,,,,,,,,,,,,,,,,,,,,,,,,,,,,,,,,,,,,,,,,,,,,,,,,,,,,,,,,
f,,,,,,,,,,,,,,,,,,,,,,,,,,,,,,,,,,,,,,Gothic,,,,,,Pure;high,,,terror,,,,,,,,,,,,,,,,,,,,,mode,,,,,,,,,,,,,,,,,,,,,,,,,,,,,,,,,,,,,,,,,,,,,,,,,,,,,,,,,,,,,,,,,,,,,,,,,,,,,,,,,,,,,,,,,,,,,,,,,,,,,
f,,,,,,,,,,,,,,,,,,,,,,,,,,,,,,,,,,,,,,,Gothified,,,,,,history,,terror,,,,,,,,,,,,,,,,,,,,,mode,,,,,,,,,,,,,,,,,,,,,,,,,,,,,,,,,,,,,,,,,,,,,,,,,,,,,,,,,,,,,,,,,,,,,,,,,,,,,,,,,,,,,,,,,,,,,,,,,,,,,
f,,,,,,,,,,,,,,,,,,,,,,,,,,,,,,,,,,,,,,Gothic,,,,,,Pure;high,,,terror,,,,,,,,,,,,,,,,,,,,,mode,,,,,,,,,,,,,,,,,,,,,,,,,,,,,,,,,,,,,,,,,,,,,,,,,,,,,,,,,,,,,,,,,,,,,,,,,,,,,,,,,,,,,,,,,,,,,,,,,,,,,
f,,,,,,,,,,,,,,,,,,,,,,,,,,,,,,,,,,,,,,Gothic,,,,,,Pure;high,,,,,,,imitation,,,,,,,,,,,,,,,,,,,,,,,,,,,,,,,,,,,,,,,,,THECASTLEOFOTRANTO,,,,,,,,,,,,,,,,,,,,,,,,,,,,,,,,,,,,,,,,,,,,,,,,,,,,,,,,,,,,,,,,,,,,,,,,,,,,,
f,,,,,,,,chapbook,,,,,,,,,,,,,,,,,,,,,,,,,,,,,,Gothic,,,,,,,,,,,,,,,,,,,,,,,,,,,,,,,,,,,,,,,,,,,,,,,,,,,,,,,,,,,,,,,,,,,,,,,,,,,,,,,,,,,,,,,,,,,,,,,,,,,,,,,,,,,,,,,,,,,,,,,,,,,,,,,,,,,
f,,,,,,,,,,,,,,,,traits,,,,Domestic,,,,,,,,,,fiction,,,,,,,,Gothic,,,,,,,,,,,,,,,,,,,,,,,,,,,,,,,,,,,,,,,,,,,,,,,,,,,,,,,,,,,,,,,,,,,,,,,,,,recessant,,,,,,,,,,,,,,,,,,,,,,,,,,,,,,,,,,,,,,,,,,,,,,,,,,,,,,,,,
f,,,,,,,,bluebook,,,,,,,,,,,,,,,,,,,,,,,,,,,,,,Gothic,,,,,,,,,,,,,,,,,,,,,,,,,,,,,,,,,,,,,,,,,,,,,,,,,,,,,,,,,,,,,,,,,,,,,,,,,,,,,,,,,,,,,,,,,,,,,,,,,,,,,,,,,,,,,,,,,,,,,,,,,,,,,,,,,,,
f,,,,,,,,chapbook,,,,,,,,,,,,,,,,,,,,,,,,,,,,,,Gothic,Gothified,,,,,,history,,,,,,,,,,,,,,,,,,,,,,,,,,,,,,,,,,,,,,,,,,,,,,,,,,,compressed,,,,,,,,,,,,,,,,,,,,,,,,,,,,,,,,,,,,,,,,,,,,,,,,,,,,,,,,,,,,,,,,,,,,,,,,,
f,sentimental,,,,,,,chapbook,,,,,,,,,,,,,,,,,,,,,,,,,,,,,,Gothic,,,,,,,,,,,,,,,,,,,,,,,,,,,,,,,,,,,,,,,,,,,,,,,,,,,,,,,,,,,,,,,,,,,,,,,,,,,,,,,,,,,,,,,,,,,,,,,,,,,,,,,,,,,,,,,,,,,,,,,,highly,,,,,,,,,,,
f,,,,,,,,chapbook,,,,,,,,,,,,,,,,,,,,,,,,,,,,,,Gothic,Gothified,,,,,,history,,,,,,,,,,,,,,,,,,,,,,,,,,,,,,,,,,,,,,,,,,,,,,,,,,,,,,,,,,,,,,,,,,,,,,,,,,,,,,,,,,,,,,,,,,,,,,,,,,,,,,,,,,,,,,,,,,,,,,,,,,,,
f,,,,,,,,chapbook,,,,,,,,,,,,,,,,,,,,,,,,,,,,,,,,,,,,,,horror,,,horror,,,,,,,,,,,,,,,,,,,,,,,,,,,,,,,,,,,,,,,,,,,,,,,,,,,,,,,,,,,,,,,,,,,,,,,,,,,,,Periodical,,,,,,,,,,straight,,,supernatural,,,,,,,,,,,,,,,,,,,,,,,,,,,,,,
f,,,,,,,,bluebook,,,,,,,,,,,,,,,,,,,,,,,,,,,,,,Gothic,,,,,,,,,,,,,,,,,,,,,,,,,,,,,,,,,,,,,,,,,,,,,,,,,,,,,,,,,,,,,,,,,,,,,,,,,,,,,,,,,,,,,,,,,,,,,,,,,,,,,,,,,,,,,,,,,,,,,,,,,,,,,,,,,,,
f,,,,,,,,,,,,,,,,,,,,,,drama,,,,,,,,,,,,,,,,Gothic,,,,,,Pure;high,,,,,,,,,,,,,,,,Lewiss,,,,,,,,,,,,,,,,,,,,,,,,,,,,,,,,,,,,,,,,,,,,,,,,,,,,,,,,,,,,,,,,,,,,,,,based,,,,,,,,,,,,,,,,,,,,,,,,,,,,,,,,,,,,,,
f,,,,,,,,,,,,,,,,elements,,,,,,,,,,,,,,,,,,,,,,Gothic,,,,,,Pure;high,,,,,,,,,,,,,,,,,,,,,,,,,,,monastic,,,,,,,,,,,,,,,,,,,,,,,,,,,,,,,,,,,,,,,,,,,,,,,,,,,,,,,,,shocker,,,,,,,,,,,,,,,,,,,,,,,,,,,,,,,,,,,,,,,,,
f,,,,,,,,,,,,,,,,,,,,,,,,,,,,,,,,,,,,,,Gothic,,,,,,Pure;high,,,,,,,imitation,,,,,,,,,,,,,,,,,,,,,,,,,,,,,,,,,,,,,,,,,,,,,,,,,,,,,,,,Mrs.Radcliffes;THEITALIAN,,,,,,,,,,,,,,,,,,,,,,,,,,,,,,,,,,,,,,,,,,,,,,,,,,,,,,,,,,,,,,
f,,,,,,,,chapbook,,,,,,,,,,,,,,,,,,,,,,,,,,,,,,Gothic,,,,,,,,,terror,,,,,,,,,,,,,,,,,,,,,mode,,,,,,,,,,,,,,,,,,,,,,,,,,,,,,,,,,,,,,,,,,,,,,,,,,,,,,,,,,,,,,,,,,,,,,,,,,,,,,,,,,,,,,,,,,,,,,,,,,,,,
f,,,,,,,,,,,,,,,,elements,,,,,,,,,,,,,,,,,,,,,,Gothic,,,,,,Pure;high,,,,,,,,,,,,,,,,,,,,,,,,,,,monastic,,,,,,,,,,,,,,,,,,,,,,,,,,,,,,,,,,,,,,,,,,,,,,,,,,,,,,,,,shocker,,,,,,,,,,,,,,,,,,,,,,,,,,,,,,,,,,,,,,,,,
f,,,,,,,,,,,,,,,,,,,,,,,,,,,,,,,,,,,,,,Gothic,,,,,,,,,terror,,,,,,,,,,,,,,,,,,,,,mode,,,,,,,,,,,,,,,,,,,,,,,,,,,,,,,,,,,,,,,,,,,,,,,,,,,,,,,,,,Periodical,,,,,,,,,,,,,,,,,,,,,,,,,,,,,,,,,,,,,,,,,,,
f,,,,,,,,,,,,,,,,,,,,,,,,,,,,,,,,,,,,,,Gothic,,,,,,Pure;high,,,terror,,,,,,,,,,,,,,,,,,,,,mode,,,,,,,,,,,,,,,,,,,,,,,,,,,,,,,,,,,,,,,,,,,,,,,,,,,,,,,,,,,,,,,,,,,,,,,,,,,,,,,,,,,,,,,,,,,,,,,,,,,,,
f,,,,,,,,chapbook,,,,,,,,elements,,,,,,,,,,,,,,,,,,,,Shauerromantik,,Gothic,,,,,,,,,,,,,,,,,,,,,,,,,,,,,,,,,,,,,,,,,,,,,,,,,,,,,,,,,,,,,,,,,,,,,,,,,,,,,,,,,,,,,,,,,,,,,,,,,,,,,,,,,,,,,,,,,,,,,,,,,,,,,,,,,,,
f,,,,,,,,bluebook,,,,,,,,,,,,,,,,,,,,,,,,,,,,,,Gothic,,,,,,,,,,,,,,,,,,,,,,,,,,,,,,,,,,,,,,,,,,,,,,,,,,,,,,,,,,,,,,,,,,,,,,,,,,,,,,,,,,,,,,,,,,,,,,,,,,,,,,,,,,,,,,,,,,,,,,,,,,,,,,,,,,,
f,,,,,,,,chapbook,,,,,,,,,,,,,,,,,,,,,,,,,,,,,,Gothic,,,,,,,,,,,,,,,,,,,,,,,,,,,,,,,,,,,,,,,,,,,,,,,,,,,,,,,,,,,,,,,,,,,,,,,,,,,,,,,,,,,,,,,,,,,,,,,,,,,,,,,,,,,,,,,,,,,,,,,,,,,,,,,,,,,
f,Sentimental,,,,,,,,,,,,,,,,,,,,,,,,,,,,,,,,,,,,,Gothic,,,,,,,,,terror,,,,,,,,,,,,,,,,,,,,,mode,,,,,,,,,,,,,,,,,,,,,,,,,,,,,,,,,,,,,,,,,,,,,,,,,,,,,,,,,,,,,,,,,,,,,,,,,,,,,,,,,,,,,,,,,,,,,,,,,,,,,
f,,,,,,,,,,,,,,,,,,,,,,,,,,,,,,,,,,,,,,Gothic,,,,,,Pure;high,,horror,terror,horror-terror,,,,,,,,,,,,,,,,,,,,,,modes,,,,,,,,,,,,,,,,,,,,,,,,,,,,,,,,,,,,,,,,,,,,,,,,,,,,,,,,,,,,,,,,,,,,,,,,,,,,,,,,,,,,,,,,,,,,,,,,,,,
f,,,,,,,,,,,,,,,,,,,,,,,,,,,,,,,,,,,,,,Gothic,,,,,,Pure;high,,horror,,,horror,,,,,,,,,,,,,,,,,,,mode,,,,,,,,,,,,,,,,,,,,,,,,,,,,,,,,,,,,,,,,,,,,,,,,,,,,,,,,,,,,,,,,,,,,,,,,,,,,,,,,,,,,,,,,,,,,,,,,,,,,,
f,,,,,,,,,,,,,,,,,,,,,,,,,,,,,,,,,,,,,,Gothic,,,,,,Pure;high,,horror,,,horror,,,,,,,,,,,,,,,,,,,mode,,,,,,,,,,,,,,,,,,,,,,,,,,,,,,,,,,,,,,,,,,,,,,,,,,,,,,,,,,,,,,,,,,,,,,,,,,,,,,,,,,,,,,,,,,,,,,,,,,,,,
f,,,,,,,,,,,,,,,,elements,,,,,,,,,,,,,,,,,,,,,,Gothic,,,,,,Pure;high,,,,,,,,,,,,,,,,,,,,,,,,,,,,,,,,,,,,,,,,,,,,,,,,,,,,,,,,,,,,,,,Radcliffean,,,,,,,,,,,,,,,,,,,,,,,,,,,,,,,,,,,,,,,,,,,,,,,,,,,,,,,,,,,,,,
f,,,,,,,,,,,,,,,,elements,,,,,,,,,,,,,,,,,,,,,,Gothic,,,,,,Pure;high,,,,,,,,,,,,,,,,,,,,,,,,,,,,,,,,,,,,,,,,,,,,,,,,,,,,,,,,,,,,,,,Radcliffean,,,,,,,,,,,,,,,,,,,,,,,,,,,,,,,,,,,,,,,,,,,,,,,,,,,,,,,,,,,,,,
f,,,,,,,,,,,,,,,,,,,,,,,,,,,,,,,,,,,,,,Gothic,,,,,,Pure;high,,,terror,,,,,,,,,,,,,,,,,,,,,mode,,,,,,,,,,,,,,,,,,,,,,,,,,,,,,,,,,,,,,,,,,,,,,,,,,,,,,,,,,,,,,,,,,,,,,,,,,,,,,,,,,,,,,,,,,,,,,,,,,,,,
f,sentimental;Sentimental,,,,combined,,,,,,,,,,,,,,,,,,,,,,,,,,,,,,,,,Gothic,,,Gothics,,,,,,,,,,imitation,,,,,,,,,,,,,,,,,,,,,,,,,,,,,,,,,,,,,,,,,,,,,,,,,,,,,,,,,,,,,,,,,,,,,,,,,,,,,,,,,,,,,,,,,,,,,,,,,,,,,,,,,,,several,,,,,,,,,,,
m,,,,,,,,,,,,,,,burlesque,elements,,,,,,,,,,,,,,,,,,,,,,Gothic,,,,,,Pure;high,,,,,,,,,,,,,,,,,,,,,,,,,,,,,,,,,,,,,,,,,,,,,,,,,,,,,,,,,,,,,,,,,,,,,,,,,,,,,,,,,,,,,,,,,,,,,,,,,,,,,,,,,,,,,,,,,,,some,,,,,,,,,,
m,,,,,,,,,,,,,,,,,,,,,,,,,,,,,,,,,,,,,,,Gothified,,,,,,history,,,,,,,,,,,,,,,,,,,,,,,,,,,,,,,,,,,,,,,,,,,,,,,,,,,,,,,,,,,,,,,,,,,,,,,,,,,,,,,,,,,,,,,,,,,,,,,,,,,,,,,,,,,,,,,,,,,,,,,,,,,,
m,,,,,,,,,,,,,,,,,,,,,,,,,,,,,,fiction,,,,,,,,Gothic,,,,,,,,,,,,,,,,,,,,,,,,,,,,,,,,,,,polemical,,polemical,polemical,,,,,,,,,,,,,,,,,,,,,,,,,,,,,,,,,,,,,,,,,,,,,,,,,,,,,,,,,,,,,,,,,,,,,,,,,,,,,,,,,,,Marginal,,,,,,,,,,
m,,,,,,,,,,,,,,,,,,,,,,,,,,,,,,fiction,,,,,,,,Gothic,,,,,,,,,,,,,,,,,,,,,,,,,,,,,,,,,,,didactic;philosophical,didactic,philosophical,,,philosophical,,,,,,,,,,,,,,,,,,,,,,,,,,,,,,,,,,,,,,,,,,,,,,,,,,,,,,,,,,,,,,,,,,,,,,,,,,,,,,,,,Marginal,,,,,,,,,,
m,,,,,,,,,,,,,,,,elements,,,,,,,,,,,,,,,,,,,,Rauberroman,,Gothic,,,,,,,,,,,,,,,,,,,,,,,,,,,,,,,,,monastic,,,,,,,,,,,,,,,,,,,,,,,,,,,,,,,,,,,,,,,,,,,,,,,,,,,,,,,,,shocker,,,,,,,,,,,,,,,,,,,,,,,,,,,,,,,,,,,,,,,,,
m,,,,,,,,,,,,,,,Parody,,,,,,,,,,,,,,,,,,,,,,,Gothic,,,,,,,,,,,,,,,,,,,,,,,,,,,,,,,,,,,,,,,,,,,,,,,,,,,,,,,,,,,,,,,,,,,,,,,,,,,,,,,,,,,,,,,,,,,,,,,,,,,,,,,,,,,,,,,,,,,,,,,,,,,,,,,,,,,
m,,,,,,,,Chapbook,,,,,,,,,,,,,,,,,,,,,,,,,,,,,,Gothic,,,,,,,,,,,,,,,,,,,,,,,,,,,,,,,,,monastic,,,,,,,,,,,,,,,,,,,,,,,,,,,,,,,,,,,,,,,,,,,,,,,,,,,,,,,,,shocker,,,,,,,,,,,,,,,,,,,,,,,,,,,,,,,,,variety,,,,,,,,
m,,,,,,,,,,,,,,,,,,,,,,,,,,,fantasy,,,,,,,,,,,Gothic,,,,,,,,,,,,,,,,,,,,,,,,,,,,,,,,,,,,,,,,,,,,,,,,,,,,Orientalized,,,,,,,,,,,,,,,,,,,,,,,,,,,,,,,,,,,,,,,,,,,,,,,,,,,,,,,,,,,,,,,,,,,,,,,,,,,,,,,
m,,,,,,,,,,,,,,,,,,,,,,,,,,,fantasy,,,,,,,,,,,Gothic,,,,,,,,,,,,,,,,,,,,,,,,,,,,,,,,,,,,,,,,,,,,,,,,,,,,Orientalized,,,,,,,,,,,,,,,,,,,,,,,,,,,,,,,,,,,,,,,,,,,,,,,,,,,,,,,,,,,,,,,,,,,,,,,,,,,,,,,
m,,,,,,,,,,,,,,,,,,,,,,,,,,,,,,,,,,,,,,Gothic,,,,,,Pure;high,,horror,terror,horror-terror,,,,,,,,,,,,,,,,,,,,,,,,,,,,,,,,,,,,,,,,,,,,,,,,,,,,,,,,,,,,,,,,,,,,,,,,,,,,,,,,,,,,,,,,,,,,,,,,,,,,,,,,,,,,,,,,,fusion,,,,,,,,
m,,,,,,,,,,,,,,,,,,,,,,,,,,,,,,fiction,,,,,,,,Gothic,,,,,,Pure;high,,,,,,,,,,,,,,,,,,,,,,,,,,,,,moralized,moralized,,,,,,,,mystery,,,,,,,,,,,,,,,,,,,,,,,,,,,,,,,,,,,,,,,,,,,,,,,,,,,,,,,,,,,,,,,,,,,,,,,,,,,,,,,,,,,,,,,
m,,,,,,,,,,,,,,,,,,,,,,,,,,,,,,,,,,,,,,Gothic,,,,,,Pure;high,,,terror,,,,,,,,,,,,,,,,,,,,,mode,,,,,,,,,,,,,,,,,,,,,,,,,,,,,,,,,,,,,,,,,,,,,,,,,,,,,,,,,,,,,,,,,,,,,,,,,,,,,,,,,,,,,,,,,,,,,,,,,,,,,
m,,,,,,,,,,,,,,,,,,,,,,,,,,,,,,,,,,,,,,,Gothified,,,,,,History,,,,,,,,,,,,,,,,,,,,,,,,,,,,,,,,,,,,,,,,,,,,,,,,,,,,,,,,,,,,,,,,,,,,,,,,,,,,,,,,,,,,,,,,,,,,,,,,,,,,,,,,,,,,,,,,,,,,,,,,,,,,
m,,,,,,,,,,,,,,,,elements,,,,domestic,,,,,,,,,,,,,,,,,,Gothic,,,,,,,,,,,,,,,,,,,,,,,,,,,,,,,,,,,Philosophical,,Philosophical,,,Philosophical,,,,,,,,,,,,,,,,,,,,,,,,,,,,,,,,,,,,,,,,,,,,,,,,,,,,,,,,,,,,,,,,,,,,,,,,,,,,,,,,,,,,,,,,,,,
m,,,,,,,,,,,,,,,,,,,,,,,,,,,,,,,,,,,,,,Gothic,,,,,,Pure;high,,horror,,,horror,,,,,,,,,,,,,,,,,,,mode,,,,,,,,,,,,,,,,,,,,,,,,,,,,,,,,,,,,,,,,,,,,,,,,,,,,,,,,,,,,,,,,,,,,,,,,,,,,,,,,,,,,,,,,,,,,,,,,,,,,,
m,,,,,,,,chapbook,,,,,,,,elements,,,,,,,,,,,,,,,,,,,,Rauberromantik,,Gothic,,,,,,,,,,,,,,,,,,,,,,,,,,,,,,,,,,,,,,,,,,,,,,,,,,,,,,,,,,,,,,,,,,,,,,,,,,,,,,,,,,,,,,,,,,,,,,,,,,,,,,,,,,,,,,,,,,,,,,,,,,,,,,,,,,,
m,,,,,,,,,,,,,,,,,,,,,,,,,,,,,,,,,,,,,,Gothic,,,,,,Pure;high,,,,,,,,,,,,,,,,,,,,,,,,,,,,,,,,,,,,,,,,,,,,,,,,,,,,,,,,,,,,,,,,,,,,,,,,,romance,ruin,,,,,,,,,,,,,,,,,,,,,,,,,,,,,,,,,,,,,,,,,,,,,,,,,,,
m,,,,,,,,,,,,,,,,,,,,,,,,,,,,,,,,,,,,,,Gothic,,,,,,Pure;high,,,terror,,,,,,,,,,,,,,,,,,,,,mode,,,,,,,,,,,,,,,,,,,,,,,,,,,,,,,,,,,,,,,,,,,,,,,,,,,,,,,,,,,,,,,,,,,,,,,,,,,,,,,,,,,,,,,,,,,,,,,,,,,,,
m,,,,,,,,,,,,,,,,,,,,,,,,,,,,,,,,,,,,,,,Gothified,,,,,,History,,,,,,,,,,,,,,,,legend,,,,,,,,,,,,,,,,,,,,,,,,,,,,,,,,,,,,,,,,,,,,,,,,,,,,,,,,,,,,,,,,,,,,,,,,,,,,,,,,,,,,,,,,,,,,,,,,,,,,,,,,,,,WanderingJew,
m,,,,,,,,chapbook,,,,,,,,,,,,,,,,,,,,,,,,,,,,,,Gothic,,,,,,,,,,,,,,,,,,,,,,,,,,,,,,,,,,,,,,,,,,,,,,,,,,,,,,,,,,,,,,,,,,,,,,,,,,,,,,,,,,,,,,,,,,,,,,,,,,,,,,,,,,,,,,,,,,,,,,,,,,,,,,,,,,,
m,,,,,,,,chapbook,,,,,,,,,,,,,,,,,,,,,,,,,,,,,,Gothic,,,,,,,,,,,,,,,,,,,,,,,,,,,,,,,,,,,,,,,,,,,,,,,,,,,,,,,,,,,,,,,,,,,,,,,,,,,,,,,,,,,,,,,,,,,,,,,,,,,,,,,,,,,,,,,,,,,,,,,,,,,,,,,,,,,
m,,,,,,,,chapbook,,,,,,,,,,,,,,,,,,,,,,,,,,,,,,Gothic,,,,,,,,,,,,,,,,,,,,,,,,,,,,,,,,,,,,,,,,,,,,,,,,,,,,,,,,,,,,,,,,,,,,,,,,,,,,,,,,,,,,,,,,,,,,,,,,,,,,,,,,,,,,,,,,,,,,,,,,,,,,,,,,,,,
m,,,,,,,,chapbook,,,,,,,,,,,,,,,,,,,,,,,,,,,,,,Gothic,,,,,,,,,,,,,,,,,,,,,,,,,,,,,,,,,,,,,,,,,,,,,,,,,,,,,,,,,,,,,,,,,,,,,,,,,,,,,,,,,,,,,,,,,,,,,,,,,,,,,,,,,,,,,,,,,,,,,,,,,,,,,,,,,,,
m,,,,,,,,chapbook,,,,,,,,,,,,,,,,,,,,,,,,,,,,,,Gothic,,,,,,,,,,,,,,,,,,,,,,,,,,,,,,,,,,,,,,,,,,,,,,,,,,,,,,,,,,,,,,,,,,,,,,,,,,,,,,,,,,,,,,,,,,,,,,,,,,,,,,,,,,,,,,,,,,,,,,,,,,,,,,,,,,,
m,,,,,,,,chapbook,,,,,,,,,,,,,,,,,,,,,,,,,,,,,,Gothic,,,,,,,,,,,,,,,,,,,,,,,,,,,,,,,,,,,,,,,,,,,,,,,,,,,,,,,,,,,,,,,,,,,,,,,,,,,,,,,,,,,,,,,,,,,,,,,,,,,,,,,,,,,,,,,,,,,,,,,,,,,,,,,,,,,
m,,,,,,,,chapbook,,,,,,,,elements,,,,,,,,,,,,,,,,,,,,Shauerromantik,,Gothic,,,,,,,,,,,,,,,,,,,,,,,,,,,,,,,,,,,,,,,,,,,,,,,,,,,,,,,,,,,,,,,,,,,,,,,,,,,,,,,,,,,,,,,,,,,,,,,,,,,,,,,,,,,,,,,,,,,,,,,,,,,,,,,,,,,
m,,,,,,,,,,,,,,,,,,,,,,,,,,,,,,,,,,,,,,Gothic,,,,,,Pure;high,,,terror,,,,,,,,,,,,,,,,,,,,,mode,,,,,,,,,,,,,,,,,,,,,,,,,,,,,,,,,,,,,,,,,,,,,,,,,,,,,,,,,,,,,,,,,,,,,,,,,,,,,,,,,,,,,,,,,,,,,,,,,,,,,
m,,,,,,,,,,,,,,,,,,,,,,,,,,,,,,,,,,,,,,Gothic,,,,,,Pure;high,,horror,,,horror,,,,,,,,,,,,,,,,,,,mode,,,,,,,,,,,,,,,,,,,,,,,,,,,,,,,,,,,,,,,,,,,,,,,,,,,,,,,,,,,,,,,,,,,,,,,,,,,,,,,,,,,,,,,,,,,,,,,,,,,,,
m,,,,,,,,,,,,,,,,,,,,,,,,,,,,,,,,,,,,,,Gothic,,,,,,Pure;high,,horror,terror,horror-terror,,,,,,,,,,,,,,,,,,,,,,modes,,,,,,,,,,,,,,,,,,,,,,,,,,,,,,,,,,,,,,,,,,,,,,,,,,,,,,,,,,,,,,,,,,,,,,,,,,,,,,,,,,,,,,,,,,,,,,,,,,,
m,,,,,,,,,,,,,,,,,,,,,,,,,,,,,,,,,,,,,,Gothic,,,,,,Pure;high,,,terror,,,,,,,,,,,,,,,,,,,,,mode,,,,,,,,,,,,,,,,,,,,,,,,,,,,,,,,,,,,,,,,,,,,,,,,,,,,,,,,,,,,,,,,,,,,,,,,,,,,,,,,,,,,,,,,,,,,,,,,,,,,,
m,,,,,,,,,,,,,,,,,,,,,,,,,,,,,,,,,,,,,,,Gothified,,,,,,history,,terror,,,,,,,,,,,,,,,,,,,,,mode,,,,,,,,,,,,,,,,,,,,,,,,,,,,,,,,,,,,,,,,,,,,,,,,,,,,,,,,,,,,,,,,,,,,,,,,,,,,,,,,,,,,,,,,,,,,,,,,,,,,,
m,,,,,,,,,,,,,,,,,,,,,,,,,,,,,,,,,,,,,,Gothic,,,,,,Pure;high,,,terror,,,,,,,,,,,,,,,,,,,,,mode,,,,,,,,,,,,,,,,,,,,,,,,,,,,,,,,,,,,,,,,,,,,,,,,,,,,,,,,,,,,,,,,,,,,,,,,,,,,,,,,,,,,,,,,,,,,,,,,,,,,,
m,,,,,,,,,,,,,,,,,,,,,,,,,,,,,,,,,,,,,,Gothic,,,,,,Pure;high,,,terror,,,,,,,,,,,,,,,,,,,,,mode,,,,,,,,,,,,,,,,,,,,,,,,,,,,,,,,,,,,,,,,,,,,,,,,,,,,,,,,,,,,,,,,,,,,,,,,,,,,,,,,,,,,,,,,,,,,,,,,,,,,,
m,,,,,,,,,,,,,,,,,,,,,,,,,,,,,,,,,,,,,,Gothic,,,,,,Pure;high,,,terror,,,,,,,,,,,,,,,,,,,,,mode,,,,,,,,,,,,,,,,,,,,,,,,,,,,,,,,,,,,,,,,,,,,,,,,,,,,,,,,,,,,,,,,,,,,,,,,,,,,,,,,,,,,,,,,,,,,,,,,,,,,,
m,,,,,,,,,,,,,,,,,,,,,,,,,,,,,,,,,,,,,,,Gothified,,,,,,history,,,,,,,,,,,,,,,,,,,,,,medieval,,,,,,,,,,,,,,,,,,,,,,,,,,,,,,,,,,,,pseudo medieval,,,,,,,,,,,,,,romances,,,,,,,,,,,,,,,,,,,,,,,,,,,,,,,,,,,,,,,,,,,,,,,,,,,,
m,Sentimental,,,,,,,,,,,,,,,,,,,,,,,,,,,,,,,,,,,,,Gothic,,,,,,,,,terror,,,,,,,,,,,,,,,,,,,,,mode,,,,,,,,,,,,,,,,,,,,,,,,,,,,,,,,,,,,,,,,,,,,,,,,,,,,,,,,,,,,,,,,,,,,,,,,,,,,,,,,,,,,,,,,,,,,,,,,,,,,,
m,,,,,,,,,,,,,,,,,,,,,,,,,,,,,,,,,,,,,,Gothic,Gothified,,,,,Pure;high,history,,terror,,,,,,,,,,,,,,,,,,,,,mode,,,,,,,,,,,,,,,,,,,,,,,,,,,,,,,,,,,,,,,,,,,,,,,,,,,,,,,,,,,,,,,,,,,,,,,,,,,,,,,,,,,,,,,,,,,,,,,,,,,,,
m,,,,,anthology,,,,,,,,,,,,,,,,,,,,essays,,,,,,,fragments,,,,,,Gothic,,,,,,,,,,,,,,,,,,,,,,,,,,,,,,,,,,,,,,,,,,,,,,,,,,,,,,,,,,,,,,,prose,,,,,,,,,,,,,,,,,,,,,,,,,,,,,,,,,,,,,,,,,,theory,,,,,,,,,,,,,,,,,,,,,verse,,,,,
m,,,,,,,,,,,,,,,,elements,,,,,,,,,,,,,,,,,,,,,,Gothic,,,,,,Pure;high,,,,,,,,,,,,,,,,,,,,,,,,,,,,,didactic,didactic,,,,,,,,,,,,,,,,,,,,,,,,,,,,,,,,,,,,,,,,,,,,,,,,,,,,,,,,,,,,,,,,,,,,,,,,,,,,,,,,,,,,,,,,,,,,,,,
m,,,,,,,,chapbook,,,,,,,,,,,,,,,,,,,,,,,,,,,,,,Gothic,,,,,,,,,,,,,,,,,,,,,,THEMONK,,,,,,,,,,,,,,,,,,,,,,,,,,,,,,,,,,,,,,,,,,,,,,,,,,,,,,,,,,,,,,,,,,,,,,,based,,,,,,,,,,,,,,,,,,,,,,,,,,,,,,,,,,,,,,
m,,,,,,,,,,,,,,,,,,,,,,,,,,,,,,,,,,,,,,Gothic,,,,,,Pure;high,,,terror,,,,,,,,,,,,,,,,,,,,,mode,,,,,,,,,,,,,,,,,,,,,,,,,,,,,,,,,,,,,,,,,,,,,,,,,,,,,,,,,,,,,,,,,,,,,,,,,,,,,,,,,,,,,,,,,,,,,,,,,,,,,
m,,,,,,,,,,,,,,,,,,,,,,,,,,,,,,,,,,,,,,,Gothified,,,,,,history,,terror,,,,,,,,,,,,,,,,,,,,,mode,,,,,,,,,,,,,,,,,,,,,,,,,,,,,,,,,,,,,,,,,,,,,,,,,,,,,,,,,,,,,,,,,,,,,,,,,,,,,,,,,,,,,,,,,,,,,,,,,,,,,
m,,,,,,,,,,,,,,,,,,,,,,,,,,,,,,,,,,,,,,Gothic,,,,,,Pure;high,,horror,,,horror,,,,,,,,,,,,,,,,,,,mode,,,,,,,,,,,,,,,,,,,,,,,,,,,,,,,,,,,,,,,,,,,,,,,,,,,,,,,,,,,,,,,,,,,,,,,,,,,,,,,,,,,,,,,,,,,,,,,,,,,,,
m,,,,,,,,,,,,,,,,elements,Contemporized,,,,,,,,,,,,,,,,,,,,,Gothic,,,,,,,,,,,,,,,,,,,,,,,,,,,,,,,,,,,didactic;polemical,didactic,polemical,polemical,,,,,,,,,,,,,,,,,,,,,,,,,,,,,,,,,,,,,,,,,,,,,,,,,,,,,,,,,,,,,,,,,,,,,,,,,,,,,,,,,,,,,,,,,,,,,
m,,,,,,,,,,,,,,,,elements,,,,,,,,,,,,,,,,,,,,,,,Gothified,,,,,,history,,,,,,,,,,,,,,,,,,,,,,,,,,,,didactic,didactic,,,,,,,,,,,,,,,,,,,,,,,,,,,,,,,,,,,,,,,,,,,,,,,,,,,,,,,,,,,,,,,,,,,,,,,,,,,,,,,,,,,,,,,,,,,,,,,
m,,,,,,,,,,,,,,,,,,,,,,,,,,,,,,,,,,,,,,Gothic,,,,,,Pure;high,,,terror,,,,,,,,,,,,,,,,,,,,,mode,,,,,,,,,,,,,,,,,,,,,,,,,,,,,,,,,,,,,,,,,,,,,,,,,,,,,,,,,,,,,,,,,,,,,,,,,,,,,,,,,,,,,,,,,,,,,,,,,,,,,
m,,,,,,,,,,,,,,,,elements,,,,,,,,,,,,,,,,,,,,,,Gothic,,,,,,,,,,,,,,,,,,,,,,,legend,,,,,MELMOTHTHEWANDERER,,,,,,,,,,,,,,,,,,,,,,,,,,,,,,,,,,,,,,,,Quest,,,,,,,,,,,,,,,,,,,,,,,,,,,,,,,,,,,,,,,,,,,,,,,,,,,,,,,,,,,,,,,
m,,,,,,,,,,,,,,,,,,,,,,,,,,,,,,,,,,,,,,Gothic,,,,,,,,,,,,,,,,,,,,,,,,,,,,,,,,,,,,,,,,,,,,,,,,,,,,Orientalized,,,,,,,,,,,,,,,,,,,,,,,,,,,,,,,,,,,,,,,,,,,,,,,,,,,,,,,,,,,,,,,,,,,,,,,,,,,,,,,
m,,,,,,,,,,,,,,,,elements,,,,,,,,,,,,,,,,,,,,,,,,,,,,,,horror,terror,horror-terror,,,,,,,,,,,,,,,,,,,,,,,,,,,,,,,,,,,,,,noir,,,,,,,,,,,,,,,,,,,,,,,,,,,,,,Roman,,,,,,,,,,,,,,,,,,,,,,,,,,,,,,,,,,,,,,,,,,,,,,,,,,,,,
m,,,,,,,,,,,,,,,,,,,,,,,,,,,,,Fehmic,,,,,,,,,Gothic,,,,,,Pure;high,,,,,,,,,,,,,,,,,,,,,,,,,,,,,,,,,,,,,,,,,,,,,,,,,,,,,,,,,,,,,,,,,,,,,,,,,,,,,,,secret,,,,,,,,,,,,,,,,,,,,,,,,,,,,,,tribunal,,,,,,,,,Vehmgericht,,,,,,,
m,,,,,,,,,,,,,,,,,,,,,,,,,,,,,,,,,,,,,,Gothic,,,,,,,,,,,,,imitates,,,,,,,,,,,,,,,,,,,,,,,,,,,,,,,,,,,,,,,,,,,,,,,,,,,,,,,,Radcliffean,,,,,,,,,,,,,,,,,,,,,,,Sorcerer,,,,,,,,,,,,,,,,,,,,,,,,,,,,,,,,,,,,,,,
m,,,,,,,,,,,,,,,,,,,,,,,,,,,,,,,,,,,,,,Gothic,,,,,,Pure;high,,,terror,,,,imitation,,,,,,,,,,,,,,,,,mode,,,,,,,,,,,,,,,,,,,,,,,,,,,,,,,,,,,,,,,Radcliffean,,,,,,,,,,,,,,,,,,,,,,,,,,,,,,,,,,,,,,,,,,,,,,,,,,,,,,,,,,,,,,
m,,,,,,,,,,,,,,,,,,,,,,,,,,,,,,,,,,,,,,,Gothified,,,,,,History,horror,terror,horror-terror,,,,,,,,,,,,,,,,,,,,,,modes,,,,,,,,,,,,,,,,,,,,,,,,,,,,,,,,,,,,,,,,,,,,,,,,,,,,,,,,,,,,,,,,,,,,,,,,,,,,,,,,,,,,,,,,,,,,,,,,,,,
m,,,,,,,,,,,,,,,,,,,,,,,,,,,,,,,,,,,,,,,Gothified,,,,,,History,,,,,,,,,,,,,,,,,,,,,,,,,,,,,,,,,,,,,,,,,,,,,,,,,,,,,,,,,,,,,,,,,,,,,,,,,,,,,,,,segment,,,,,,,,,,,,,,,,,,,,,,,,,,,,,,,,,,,,,,,,,,,,witchcraft
m,,,,,,,,,,,,,,,,,,,,,Doppleganger;Double,,,,,,,,,,,,,,,,,,,,,,,,,horror,terror,horror-terror,,,,,,,,,,,,,,,,,,,,,,modes,,,,,,,,,,,,,,,,,,,,,,,,,,,,,,,,,,,,,,,,,,,,,,,,,,,,,,,,,,,,,,,,,Story,,,,,,,,,,,,,,,,,,,,,,,,,,,,,,,,,,
m,,,,,,,,,,,,,,,,elements,,,,,,,,,,,,,,,,,,,,,,,,,,,,,,,terror,,,Ideas,,,,,,,,,,,,,,,,,,,,,,,,,Radical,,,,Radical,,,,,,,,Novel,,,,,,,,,,,,,,,,,,,,,,,,,,,,,,,,,,,,,Seduction,,,,,,,,,,,,,,,,,,,,,,,,,,,,,,,,,,,,,,,,,,,,,
m,,,,,,,,,,,,,,,,,,,,,,,,,,,,,,,,,,,,,,Gothic,,,,,,Pure;high,,horror,terror,horror-terror,,,,,,,,,,,,,,,,,,,,,,modes,,,,,,,,,,,,,,,,,,,,,,,,,,,,,,,,,,,,,,,,,,,,,,,,,,,,,,,,,,,,,,,,,,,,,,,,,,,,,,,,,,,,,,,,,,,,,,,,,,,
m,,,,,,,,,,,,,,,,elements,,,,domestic,,,,,,,,,,,,,,,,,,Gothic,,,,,,Pure;high,,,,,,,,,,,,,,,,,,,,,,,,,,,,,,,,,,,,,,,,,,,,,,,,,,,,,,,,,,,,,,,,,,,,,,,,,,,,,,,,,,,,,,,,,,,,,,,,,,,,,,,,,,,,,,,,,,,,,,,,,,,,,
m,,,,,,,,,,,,,,,,elements,,,,,,,,,,,,,,,,,,,,,,Gothic,,,,,,Pure;high,,,,,,,,,,,,,,,,,,,,,,,,,,,,,,,,,,,,,,,,,,,,,,,,,,,,,,,,,,,,,,,,,,,,,,,,,,,,,,,,,,,,,,,,,,,,,,,supernatural,,,,,,,,,,,,,,,,,,,,no,,,,,,,,,,
m,,,,actual,,,,,,,,,,,,,,,,,,,,,,natural,,,,,,,,,,,,Gothic,,,,,,,,horror,,,horror,,,,incident,,,Documentary,,,,,,,,,,,,,,,,,,,,,,,,,,,,,,,,,,,,,,,,,,,,,,,,,,,,,,,,,,,,,,,,,,,,,,,,,,,based,,,,,,,,,,,,,,,,,,,,,,,,,,,,,,,,,,,,,,
m,,,,,,,,,,,,,,,,elements,,,,Domestic,,,,,,,,,,,,,,,,,,Gothic,,,,,,,,,terror,,,,,,,,,,,,,,,,,,,,,,,,,,,,,,,,,,,,,,,,,,,,,,,,,,,,,,,,,,,,,,,,,,,,,,,,,,,,,,,,,,,,,,,,,,,,,,,,,,,,,,,,,,,,,,,,,,,,,,,,,,
m,,,,,,,,,,,,,,,,,,,,,,,,,,,,,,,,,,,,,,,Gothified,,,,,,history,,terror,,,,,,,,,,,,,,,,,,,,,mode,,,,,,,,,,,,,,,,,,,,,,,,,,,,,,,,,,,,,,,,,,,,,,,,,,,,,,,,,,,,,,,,,,,,,,,,,,,,,,,,,,,,,,,,,,,,,,,,,,,,,
m,,,,,,,,,,,,,,,,,,,,,,,,,,,,,,,,,,,,,,Gothic,,,,,,Pure;high,,horror,terror,horror-terror,,,imitation,,,,,,,,,THEMONK,,,,,,,,,,modes,monastic,,,,,,,,,,,,,,,,,,,,,,,,,,,,,,,,,,,,,,,,,,,,,,,,,,,,,,,,,shocker,,,,,,,,,,,,,,,,,,,,,,,,,,,,,,,,,,,,,,,,,
m,,,,,,,,,,,,,,,,,,,,,,,,,,,,,,,,,,,,,,Gothic,,,,,,Pure;high,,,terror,,,,,,,,,,,,,,,,,,,,,mode,,,,,,,,,,,,,,,,,,,,,,,,,,,,,,,,,,,,,,,,,,,,,,,,,,,,,,,,,,,,,,,,,,,,,,,,,,,,,,,,,,,,,,,,,,,,,,,,,,,,,
m,,,,,,,,,,,,,,,,tendencies,,,,,,,,,,,,,,,,,,,,Schauerromantik,,Gothic,,,,,,Pure;high,,,,,,,,,,,,,,,,,,,,,,,,,,,,,,,,,,,,,,,,,,,,,,,,,,,,,,,,,,,,,,,,,,,,,,,,,,,,,,,,,,,,,,,,,,,,,,,,,,,,,,,,,,,,,,,,,,,,,,,,,,,,,
m,,,,,,,,,,,,,,,,,,,,,,,,,,,,,,,,,,,,,,Gothic,Gothified,,,,,Pure;high,history,horror,terror,horror-terror,,,,,,,,,,,,,,,,,,,,,,modes,,,,,,,,,,,,,,,,,,,,,,,,,,,,,,,,,,,,,,,,,,,,,,,,,,,,,,,,,,,,,,,,,,,,,,,,,,,,,,,,,,,,,,,,,,,,,,,,,,,
m,,,,,,,,,,,,,,,,,,,,,,,,,,,,,,,,,,,,,,,,,,,,,,,,,,,,,,,,,,,,,,,,,,,,,,,Monastic,,,,,,,,,,,,,,,,,,,,,,,,,,,,,,,,pseudohistorical,,,,,,,,,,,,,,,,,,,,,,,,,Schocker,,,,,,,,,,,,,,,,title,,,,,,,,,,,,,,,,,,,,,,,,,
m,,,,,,,,,,,,,,,,elements,,,,,,,,,,,,,,,,,,,,Schauerromantik,,Gothic,,,,,,Pure;high,,,,,,,,,,,,,,,,,,,,,,,,,,,,,,,,,,,,,,,,,,,,,,,,,,,,,,,,,,,,,,,,,,,,,,,,,,,,,,,,,,,,,,,,,,,,,,,,,,,,,,,,,,,,,,,,,,,,,,,,,,,,,
m,,,,,,,,,,,,,,,,,,,,,,,,,,,,,,,,,,,,,,Gothic,,,,,,Pure;high,,horror,,,horror,,,,,,,,,,,,,,,,,,,mode,,,,,,,,,,,,,,,,,,,,,,,,,,,,,,,,,,,,,,,,,,,,,,,,,,,,,,,,,,,,,,,,,,,,,,,,,,,,,,,,,,,,,,,,,,,,,,,,,,,,,
m,,,acoustic,,,,,,,,,,,,,,,,,,,,,,,,,,,,,,,,,,,Gothic,,,,,,Pure;high,,,,,,,,,,,,,,,,,,,,,,,,,,,,,,,,,,,,,,,,,,,,,,,,,,,,,,,,,,,,,,,,,,,,,,,,,,,,,,,,,,,,,,,,,,,,,,,supernatural,,,,,,,,,,,,,,,,,,,,,,,,,,,,,,
m,sentimental,,,,,,,,,,,,,,,elements,,,,domestic,,,,,,Naturalized,,,,,,,,,,,,Gothic,,,,,,,,,,,,,,,,,,,,,,,,,,,,,,,,,,,,,,,,,,,,,,,,,,,,,,,,,,,,,,,,,,,,,,,,,,,,,,,,,,,,,,,,,,,,,,,,,,,,,,,,,,,,,,,,,,,,,,,,,,,,,,,,,,,
m,,,,,,,,,,,,,,,,elements,,,,,,,,,,,,,,,,,,,,,,Gothic,,,,,,Pure;high,,,,,,,,,,,,,,,,,,,,,,,,,,,,,,,,,,,,,,,,,,,,,,,,,,,picaresque,,,,,,,,,,,quest,,,,,,,,,,,,,,,,,,,,,,,,,,,,,story,,,,,,,,,,,,,,,,,,,,,,,,,,,,,,,,,,
m,,,,,,,,,,,,,,,,situations,,,,Domestic,,,,,,,,,,,,,,,,,,Gothic,,,,,,,,,,,,,,,,,,,,,,,,,,Shakespearean,,,,,,,,,,,,,,,,,,,names,,,,,,,,,,,,,,,,,,,,,,,,,,,,,,,,,,,,,,,,,,,,,,,,,,,,,,,,,,,theme,,,,,,,,,,,,,twin,,,,,,,,,,,,,,
m,,,,,,,,,,,,,,,,,,,,,,,,,,,,,,,,,,,,,,,Gothified,,,,,,history,,terror,,,,,,,,,,,,,,,,,,,,,mode,,,,,,,,,,,,,,,,,,,,,,,,,,,,,,,,,,,,,,,,,,,,,,,,,,,,,,,,,,,,,,,,,,,,,,,,,,,,,,,,,,,,,,,,,,,,,,,,,,,,,
m,,,,,,,,,,,,,,,,elements,,,,,,,,,,,,,,,,,,,,,,,Gothified,,,,,,history,,,,,,,,,,,,,,,,,,,,,,,,,,monastic,,,,,,,,,,,,,,,,,,,,,,,,,,,,,,,,,,,,,,,,,,,,,,,,,,,,,,,,,shocker,,,,,,,,,,,,,,,,,,,,,,,,,,,,,,,,,,,,,,,,,
m,,,,,,,,,,,,,,,,,,,,,,,,,,,,,,,,,,,,,,,Gothified,,,,,,history,,terror,,,,,,,,,,,,,,,,,,,,,mode,,,,,,,,,,,,,,,,,,,,,,,,,,,,,,,,,,,,,,,,,,,,,,,,,,,,,,,,,,,,,,,,,,,,,,,,,,,,,,,,,,,,,,,,,,,,,,,,,,,,,
m,,,,,,,,,,,,,,,,,,,,,,,,,,,,,,,,,,,,,,Gothic,,,,,,Pure;high,,,,,,,,,,,,,,,,,,,,,,,,,,,,,,,,,,,,,,,,,,,,,,,,,,,,,,,,,,,,,,,,,,,,,,,,,,,,,,,,,,,,,,,,,,,,,,,,,,,,,,,,,,,,,,,,,,,,,,,,,,,,,
m,,,,,,,,,,,,,,,,elements,,,,,,,,,,,,,,,,,,,,,,Gothic,Gothified,,,,,Pure;high,history,,terror,,,,,,,,,,,,,,,,,,,,,mode,,,,,,,,,,,,,,,,,,,,,,,,,,,,,,,,,,,,,,,,,,,,,,,,,,,,,,,,,,,,,,,,,,,,,,,,,,,,,,,,,,,,,,,,,,,,,,,,,,,,,
m,,,,,,,,,,,,,,,,,,,,domestic,,,,,,,,,,,,,,,,,,Gothic,,,,,,Pure;high,,,terror,,,,,,,,,,,,,,,,,,,,,,,,,,,,,,,,,,,,,,,,,,,,,,,,,,,,,,,,,,,,,,,,,,,,,,,,,,,,,,,,,,,,,,,,,,,,,,,,,,,,,,,,,,,,,,,,,,,,,,,,,,
m,,,,,,,,,,,,,,,,elements,,,,,,,,,,,,,,,,,,,,Schauerromantik,,Gothic,,,,,,Pure;high,,,,,,,,,,,,,,,,,,,,,,,,,,,,,,,,,,,,,,,,,,,,,,,,,,,,,,,,,,,,,,,,,,,,,,,,,,,,,,,,,,,,,,,,,,,,,,,,,,,,,,,,,,,,,,,,,,,,,,,,,,,,,
m,,,,,,,,,,,,,,,,,,,,domestic,,,,,,,,,,,,,,,,,,Gothic,,,,,,,,,,,,,,,,,,,,,,,,,,,,,,,,,,,Didactic,Didactic,,,,,,,,,,,,,novel,,,,,,,,,,,,,,,,,,,,,,,,,,,,,,,,,,,,,,,,,,,,,,,,,,,,,,,,,titling,,,,,,,,,,,,,,,,,,,,,,,,,
m,,,,,,,,,,,,,,,,elements,,,,,,,,,,,,,,,,,,,,,,Gothic,Gothified,,,,,,historical;history,,terror,,,,,,,,,,,,,,,,,,,,,,,,,,,,,,,,,,,,,,,,,,,,,,,,,,,,,,,prototype,,,,,,,,,,,,,,,,,,,,,,,,,,,,,,,,,,,,,,,,,,,,,,,,,,,,,,,,,,,,,,,,,,,
m,,,,,,,,,,,,,,,,,,,,,,,,,,,,,,,,,,,,Schauerromantik,,Gothic,,,,,,Pure;high,,horror,terror,horror-terror,,,,,,,,,,,,,,,,,,,,,,modes,monastic,,,,,,,,,,,,,,,,,,,,,,,,,,,,,,,,,,,,,,,,,,,,,,,,,,,,,,,,,shocker,,,,,,,,,,,,,,,,,,,,,,,,,,,,,,,,,,,,,,,,,
m,,,,,,,,,,,,,,,,,,,,,,,,,,,,,,,,,,,,Rauberroman,,,,,,,,,,,terror,,,,,,,,,,,,,,,,,,,,,mode,,,,,,,,,,,,,,,,,,,,,,,,,,,,,,,,,,,,,,,,,,,,,,,,,,,,,,,,,,,,,,,,,,,,,,,,,,,,,,,,,,,,,,,,,,,,,,,,,,,,,
m,,,,,,,,chapbook,,,,,,,,,,,,,,drama,,,,,,,,,,,,,,,,Gothic,,,,,,,,,,,,,,,,,,,,,,,,,,,,,,,,,,,,,,,,,,,,,,,,,,,,,,,,,,,,,,,,,,,,,,,,,,,,,,,,,,,,,,,,,,,,,from,,,,,,,,,,,,,,,,,,,converted,,,,,,,,,,,,,,,,,,,
m,,,,,anthology,,,,,,,,,,,,,,,,,,,,,,,,,,,,,,,Germanic;Schauerromantik,,Gothic,,,,,,,,horror,terror,horror-terror,,,imitations,,,,,,,,,,,,,,,,,,,modes,,,,,,,,,,,,,,,,,,,,,,,,,,,,,,,,,,,,,,,,represented,,,,,,,,,,,,,,,,,,,,,,,,,,,,,,,,,,,,,,,,,,translations,,,,,,,,,,,,,,,,,
m,,,,,,,,,,,,,,,,elements;episodes;intermittent,,,,domestic,,,,,,,,,,,,,,,,,,Gothic,,,,,,,,,terror,,,,,,,,,,,,,,,,,,,,,,,,,,,,,,,,,,,,,,,,,,,,,,,,picaresque,,,,,,,,,,,,,,,,,,,,,,,,,,,,,,,,,,,,,,,,,,,,,,,,,,,,,,,,,,,,,,,,Marginal,,,,,,,,,,
m,,,,,,,,,,,,,,,satiric,elements,,,,,,,,,,,,,,,,,,,,,Godwin,Gothic,,,,,,,,,,,,,,,,,Jacobin,,,,,,,,,,,,,,,,,,polemical;attack;Political;philosophic,,polemical;attack;Political;philosophic,polemical;attack,Political,philosophic,,,,,,,,,,novelists,,,,,,,,,,,,,,,,,,,,,,,,,,,,,,,,,,,,,,,,,,,,,,,,,,,,,,,,,,,,,,,,,,,,,,,,,,,,,,,,,
m,,,,,,,,,,,,,,,,elements,,,,,,,,,,,,,,,,,,,,Schauerromantik,,Gothic,,,,,,Pure;high,,,,,,,,,,,,,,,,,,,,,,,,,,,,,,,,,,,,,,,,,,,,,,,,,,,,,,,,,,,,,,,,,,,,,,,,,,,,,,,,,,,,,,,,,,,,,,,,,,,,,,,,,,,,,,,,,,,,,,,,,,,,,
m,Sentimental,,,,,,,,,,,,,,,,,,,,,,,,,,,,,fiction,,,,,,,,Gothic,,,,,,,,,,,,,,,,,,,,,,,,,,,,,,,,,,,,,,,,,,,,,,,,,,,,,,,feelings,,,,,,,,,,,,,,,,,,,,,,,,romance,,,,,,,,,,,,,,,,,,,,,,,,,,,,,,settings,,,,,,,,,,,,,,,,,,,,,,
m,,,,,,,,,,,,,,,,,,,,domestic,,,,Epistolary,,,,,,,,,,,,,,Gothic,,,,,,,,,,,,,,,,,,,,,,,,,,,,,,,,,,,,,,,,,,,,,,,,,,,,,,,,,,,,,,,,emergent,,,,,,,,,,,,,,,,,,,,,,,,,,,,,,,,,,,,,,,,,,,,,,,,,,,,,,,,,,,,,,,villain,,,,
m,,,,,,,,,,,,,,,,,,,,,,,,,,,,,,,,,,,,,,Gothic,,,,,,Pure;high,,,,,,,,,,,,,,,,,,,,,,,,,,,,,,,,,,,,,,,,,,,,,,,,,,,,,,,,,,,,,,,,,,,,,,,,,,,,,,,,,,,,,,,,,,,,,,,,,,,,,,,,,,,,,,,,,,,,,,,,,,,,,
m,,,,,,,,,,,,,,,,,,,,,,,,,,,,,,,,,,,,,,Gothic,,,,,,Pure;high,,horror,terror,horror-terror,,,,,,,,,,,,,,,,,,,,,,modes,,,,,,,,,,,,,,,,,,,,,,,,,,,,,,,,,,,,,,,,,,,,,,,,,,,,,,,,,,,,,,,,,,,,,,,,,,,,,,,,,,,,,,,,,,,,,,,,,,,
m,,,,,,,,,,,,,,,,touches,,,,Domestic,,,,,,,,,,fiction,,,,,,,,,,Gothicism,,,,,,,terror,,,,,,,,,,,,,,,,,,,,,,,,,,,,,,,,,,,,,,,,,,,,,,,,,,,,,,,,,,,,,,,,,,,,,,,,,,,,,,,,,,,,,,,,,,,,,,,,,,,,,,,,,,,,,,,several,,,,,,,,,,,
m,,,,,,,,,,,,,,,,,,,,,,,,,,,,,,,,,,,,,,Gothic,,,,,,Pure;high,,,terror,,,,,,,Irish,,,,,,,,,,,,,,mode,,,,,politics,,politics;revolutionary,,politics,,revolutionary,,,,,,,,,,,,,,,,,,,,,,,,,,,,,,,,,,,,,,,,,,,,,,,,,,,,,,,,,,,,,,,,,,,,,,,,,,,,,,,,,,,,,,,,,,
m,,,,actually,composite,,,,,,,,,,,,,,,,,,,,,,,,,,,,,,,,,Gothic,,,,,,Pure;high,,,,,,,,,,,,,,,,,,,,,,,,,,,,,,,,,,,,,,,,,,,,,,,,,,,,,,,,,,,,,,,,,,,,,,,,,,,,,,,,,,,,,,,,,,,,,,,,,,,,,,,,,,,,,,,,types,,,,,,,,,,,,,
m,,,,,,,,,,,,,,,,,,,,,,,,,,,,,,,,,,,,,,,Gothified,,,,,,history,horror,terror,horror-terror,,,,,,,,,,,,,,,,,,,,,,modes,,,,,,,,,,,,,,,,,,,,,,,,,,,,,,,,,,,,,,,,,,,,,,,,,,,,,,,,,,,,,,,,,,,,,,,,,,,,,,,,,,,,,,,,,,,,,,,,,,,
m,,,,,,,,chapbook,,,,,,,,,,,,,,,,,,,,,,,,,,,,,,Gothic,,,,,,Pure;high,,,terror,,,,,,,,,,,,,,,,,,,,,mode,,,,,,,,,,,,,,,,,,,,,,,,,,,,,,,,,,,,,quality,,,,,,,,,,,,,,,,,,,,,,,,,,,,,,,,,,,,,,,,,,,,,,,,,,,,,,,,,,,,,,,,
m,,,,,,,,,,,,,,,,,,,,,,,,,,,,,,,,,,,,,,Gothic,,,,,,Pure;high,,,terror,,,,imitation,,,,,,,,,,,,,,,Maturins;THEFATALREVENGE,,mode,,,,,,,,,,,,,,,,,,,,,,,,,,,,,,,,,,,,,,,,,,,,,,,,,,,,,,,,,,,,,,,,,,,,,,,,,,,,,,,,,,,,,,,,,,,,,,,,,,,,,
m,,,,,,,,,,,,,,,,,,,,,,,,,,,,,,,,,,,,,,Gothic,,,,,,Pure;high,,,terror,,,,,,,,,,,,,,,,,,,,,mode,,,,,,,,,,,,,,,,,,,,,,,,,,,,,,,,,,,,,,,,,,,,,,,,,,,,,,,,,,,,,,,,,,,,,,,,,,,,,,,,,,,,,,,,,,,,,,,,,,,,,
m,,Irelands;THEABBESS,,,,,,,,,,,,,,elements,,,,,,,,,,,,,,,,,,,,,,Gothic,,,,,,Pure;high,,,,,,,,,,,,,,,,,,,,,,,,,,,monastic,,,,,,,,,,,,,,,,,,,,,,,,,,,,,,,,,,,,,,,,,,,,,,,,,,,,,,,,,shocker,,,,,,,,,,,,,,,,,,,,,,,,,,,,,,,,,,,,,,,,,
m,,,,,,,,,,,,,,,,,,,,,,,,,,natural,,,,,,,,,,,,Gothic,,,,,,Pure;high,,horror,,,horror,,,,,,,,,,,,,,,,,,,,,,monastic,,,,,,,,,,,,,,,,,,,,,,,,,,,,,,,,,,,,,,,,,,,,,,,,,,,,,,,,,shocker,,,,,,,,,,,supernatural,,,,,,,,,,,,,,,,,,,excessive,,,,,,,,,,,
m,,,,,,,,,,,,,,,,,,,,,,,,,,,,,,,,,,,,,,,Gothified,,,,,,history,,terror,,,,,,,,,,,,,,,,,,,,,mode,,,,,,,,,,,,,,,,,,,,,,,,,,,,,,,,,,,,,,,,,,,,,,,,,,,,,,,,,,,,,,,,,,,,,,,,,,,,,,,,,,,,,,,,,,,,,,,,,,,,,
m,,,,,,,,,,,,,,,,,,,,,,,,,,,,,,,form,,,,,,,Gothic,,,,,,Pure;high,,,terror,,,,,,,,,,,,,,,,,,,,,mode,,,,,,,,,,,,,,,,,,,,,,,,,,,,,,,,,,,,,,,,,,,,,,,,,,,,,,,,,,serialized,,,,,,,,,,,,,,,,,,,,,,,,,,,,,,,,,,,,,,,,,,,
m,,,,,,,,,,,,,,containing,,elements,,,,,,,,,,,,,,fiction,,,,,,,,Gothic,,,Gothics,,,Pure;high,,,,,,,,,,,,,,,,,,,,,,,,,,,,,,,,,,,,,,,,,,,,,,,,,,,,,,,,,,,,,,,,,,,,,,,,,,,,,,,,,,,,,,,,,,,,,,subspecies,,,,,,,,,,,,,,,,,,,,several,,,multiple,,,,,,,,
m,,,,,,,,,,,,character,,,,,,,,domestic,,,,,,,,,,,,,,,,,,Gothic,,,,,,,,,,,,,,,,,,,,,,,,,,,,,,,,,,,,,,,,,,,,,,,,,Novel,,,,,,,,,,,,,,,prototypical,,,,,,,,,,,,,,,,,sadism,,,,,,,,,,,,,,,,,,,,,,,,,titular,,,,,,,,,,,,,,,,,,,,,villain,,,,
m,,,,,,,,,,,,,,,,,,,,,,,,,,,,,,,,,,,,,,Gothic,,,,,,Pure;high,,horror,,,horror,,,,,,,,,,,,,,,,,,,mode,,,,,,,,,,,,,,,,,,,,,,,,,,,,,,,,,,,,,,,,,,,,,,,,,,,,,,,,,,,,,,,,,,,,,,,,,,,,,,,,,,,,,,,,,,,,,,,,,,,,,
m,,,,,,,,,,,,,,,,elements,,,,,,,,,,,,,,,,,,,,,,Gothic,Gothified,,,Grotto,,,history,horror,,,horror,,,,,,,,,,,,,,,,,,,mode,,,,,,,,,,,,,,,,,,,,,,,,,,,,,,,,,,,,,,,,,,,,,,,,,,,,,,,,,,,,,,,,,,,,,,,,,,,,,,,,,,,,,,,,,,,,,,,,,,,,,
m,,,,,,,,,,,,,,,,elements,,,,,,,,,,,,,,,,,,,,,,Gothic,Gothified,,,,,,history,,,,,,,,,,,,,,,,,,,,,,,,,,,,,,,,,,,,,,,,,,,,,,,,,,,,,,,,,,,,,,,,,,,,,,,,,,,,,,,,,,,,,,,,,,,,,,,,,,,,,,,,Tower,,,,,,,,,,,,,,,,,,,,
m,,,,,,,,,,,,,,,,,,,,,,,,,,,,,,,,,,,,,,Gothic,,,,,,Pure;high,,,terror,,,,,,,,,,,,,,,,,,,,,mode,,,,,,,,,,,,,,,,,,,,,,,,,,,,,,,,,,,,,,,,,,,,,,,,,,,,,,,,,,,,,,,,,,,,,,,,,,,,,,,,,,,,,,,,,,,,,,,,,,,,,
m,,,,,,,architecture,,,,,,,,parody;satirizes,attitudes,,,,,,,,,,,,,,,,,,,,,,Gothic,,,,,,,,,,,,,,,,,,,,,,,,,,,,,,,,,,,,,,,,,,,,,,,nature,,,,,,other,,,,,,,,,,,,,,,,,,,,,,,,,,romantic,,,,,,,,,,,,,,,,,,,,,,,,,,,,,,,,,,,,,,,,,,,,,,,,,,,,
m,,,,,,,,,,,,,,,Parody,,,,,,,,,,,,,,,,,,,,,,,Gothic,,,,,,,,,,,,,,,,,,,,,,,,,,,,,,,,,,,,,,,,,,,,,,,,,,,,,,,,,,,,,,,,,,,,,,,,,,,,,,,,,,,,,,,,,,,,,,,,,,,,,,,,,,,,,,,,,,,,,,,,,,,,,,,,,,,
m,,,,,,,,,,,,,,,parody,,,,,,,,,,,,,,,,,,,,,,,Gothic,,,,,,,,,,,,,,,,,,,,,,,,,,,,,,,,,,,,,,,,,,,,,,,,,,,,,,,,,,,,,,,,,,,,,,,,,,,,,,,,,,,,,,,,,,,,,,,,,,,,,,,,,,,,,,,,,,,,,,,,,,,,,,,,,,,
m,,,,,,,,,,,,,,,,elements,,,,,,,,,,,,,,,,,,,,,,Gothic,,,,,,Pure;high,,,,,,,,,,,,,,,,THEMONK,,,,,,,,,,,,monster,,,,,,,,motif,,,,,,,,,,,,,,,,,,,,,,,,,,,,,,,,,,,,,,,,,,,,,,,,,,,,,,,story,,,,,,,,,,,,,,,,transformation,,,,,,,,,,,,,,,,,,
m,,,,,,,,,,,,characterization,,,,,,,,,,,,,,,,,,,,,,,,,,Gothic,,,,,,,,,,,,,,,,,,,,,,,,,,,,,,,,,,,,,,,,,,,,,,,,,,,,,,,,,,,,,,,,Prototypical,,,,,,,,,,,,,,,,,,,,,,,,,,,,,,,,,,,,,,Tale,,,,,,,scenery,,,,,,,,,,,,,Vampire,,,,,,,,,
m,,,,,,,,,,,,,,,,,,,,,,,,,,Natural,,,,,,,,,,,,Gothic,,,,,,,,horror,,,horror,,,incest,,,,,,,,,,,,,,,,,,,,,,,,,,,,motif,,,,,,,,,,,,,,,,,,,,,,,,,,,,,,,,,,,,,,,,,,,,,,,,,,,,,,,,,,,,,,,,,,,,,,,,,,,,,,,,,,,,,,,,,
m,,,,,,,,,,,,,,,,elements,,,,,,,,,,,,,,,,,,,,Schauerromantik,,Gothic,,,,,,Pure;high,,,,,,,,,,,,,,,,,,,,,,,,,,,,,,,,,,,,,,,,,,,,,,,,,,,,,,,,,,,,,,,,,,,,,,,,,,,,,,,,,,,,,,,from,,,,,,,,,,,,,,,,,,,,,translation,,,,,,,,,,,VeitWeber,,,,,,
m,,,,,,,,,,,,,,,,,,,,,,,,,,,,,,,,,,,,,,Gothic,,,,,,Pure;high,,,terror,,,,,,,,,,,,,,,,,,,,,mode,,,,,,,,,,,,,,,,,,,,,,,,,,,,,,,,,,,,,,,,,,,,,,,,,,,,,,,,,,,,,,,,,,,,,,,,,,,,,,,,,,,,,,,,,,,,,,,,,,,,,
m,,,,,,,,,,,,,,,,,,,,,,,,,,,,,,,,,,,,,,Gothic,,,,,,Pure;high,,,terror,,,,imitation,,,,,,,,,,,,,,,,,mode,,,,,,,,,,,,,,,,,,,,,,,,,,,,,,,,,,,,,,,Radcliffean,,,,,,,,,,,,,,,,,,,,,,,,,,,,,,,,,,,,,,,,,,,,,,,,,,,,,,,,,,,,,,
m,,,,,,,,,,,,,,,,elements,,,,Domestic,,,,,,,,,,fiction,,,,,,,,Gothic,,,,,,,,,,,,,,,,,,,,,,,,,,,,,,,,,,,,,,,,,,,,,,,,,,,,,,,,,,,,,,,,,,,,,,,,,,,,,,,,,,,,,,,,,,,,,,,,,,,,,,,,,,,,,,,,,,,,,,,,,,,various,,,,,,,,
m,Sentimental,,,,,,,,,,,,,,,,,,,,,,,,,,,,,,,,,,,,,Gothic,,,,,,,,,,,,,,,,,,,,,,,,,,,,,,,,,,,,,,,,,,,,,,,,,,,,,,,,,,,,,,,,,,,,,,,,,,,,,,,,,,,,,,,,,,,,,,,,,,,,,,,,,,,,,,,,,,,,,,,,,,,,,,,,,,,
m,,,,,,,,,,,,,,,parody,,,,,,,,,,,,,,,,,,,,,,,Gothic,,,,,,,,,,,,,,,,,,,,,,,,,,,,,,,,,,,,,,,,,,,,,,,,,,,,,,,,,,,,,,,,,,,,,,,,,,,,,,,,,,,,,,,,,,,,,,,,,,,,,,,,,,,,,,,,,,,,,,,,,,,,,,,,,,,
m,,,,,,,,,,,,characterization,,,,elements,,,,,,,,,,,,,,fiction,,,,,,,,Gothic,,,,,,,Historical,,,,,,,,,,,,,,,,,,,,,,,,,,,,,,,,,,,,,,,,,,,,,,,,,,,,,,,,,,,,,,,,,,,,,,,,,,,,,,,,,,,,,,,,,,,,,,,,,,,,,,scenery,,,,,,,,,,,,,,,,,,,,,,
m,,,,,,,,,,,,,,,,traits,,,,,,,,,,,,,,fiction,,,,,,,,Gothic,,,,,,,Historical,,,,,,,,,,,,,,,,,,,,,,,,,,,,,,,,,,,,,,,,,,,,,,,,,,,,,,,,,,,,,,,,,,,,,,,,,,,salient,,,,,,,,,,,,,,,,,,,,,,,,,,,,,,,,,,,,,,,,,,,,,,,,,
m,,,,,,,,,,,,characterization,,,,,,,,,,,,,,,,,,fiction,,,,,,,,Gothic,,,,,,,Historical,,,,,,,,,,,,,,,,,,,,,,,,,,monastic,,,,,,,,,,,,,,,,,,,,,,,,,,,,,,,,,,,,,,,,,,,,,,,,,,,,,,,,,,,,,,,,,,,,,,,,,,,,locale,,,,,,,,,,,,,,varieties,,,,,,,,
m,,,,,,,,,,,,characterization,,,,,,,,,,,,,,,,,,fiction,,,,,,,,Gothic,,,,,,,Historical,,,,,,,,,,,,,,,,,,,,,,,,,,,,,,,,,,,,,,,,,,,,,,,,,,,,,,prominent,,,,,,,,,,,,influences,,,,,,,,,,,,,,,,,,,,,,,,,,,,,,,,,,,,scenery,,,,,,,,,,,,,,,,,,,,,,
m,,,,,,,,,,,,,,,,,,,,,,,,,,,,,,fiction,,,,,,,,Gothic,,,,,,,Historical,,,,,,,,,,,,,,,,,,,,maiden,,,,,,,,,,,,,,,,,,,,,,,,,,,,,persecuted,,,,,,,,,,,,,,,,,,residue,,,,,,,,,,,,,,,,,,,,,,,,,,,,,,,,,,,,,,,,,,,,,,substantial,,,,,,,,,,,
m,,,,,,,,,,,,characters,,,,features,,,,,,,,,,,,,,,,,,,,Schauerromantik,,Gothic,,,,,,Pure;high,,,,,,,,,,,,,,,,,,,,,,,,,,,,,,,,,,,,,,,,,,,,,,,,,,,,,,,,,,,,,,,,,,,,,,,,,,,,,,,,,,,,,,,,,,,,,,,,,,,,,,,,,,,,,,,,,,,,,,,,,,,,,
m,,,,,,,,,,,,characters,,,,features,,,,,,,,,,,,,,,,,,,,Schauerromantik,,Gothic,,,,,,Pure;high,,,,,,,,,,,,,,,,,,,,,,,,,,,,,,,,,,,,,,,,,,,,,,,,,,,,,,,,,,,,,,,,,,,,,,,,,,,,,,,,,,,,,,,,,,,,,,,,,,,,,,,,,,,,,,,,,,,,,,,,,,,,,
m,,,,,,,,,,,,,,,,,,,,,,,,,,,,,,,,,,,,,,Gothic,,,Gothics,,,Pure;high,,,,,,,imitation,,,,,,,,,,,,,,,,,,,,,,,,,,,,,,,,,,,,,,,,other,OTRANTO,,,,,,,,,,first,,,,,,,,,,,,,,,,,,,,,,,,,,,,,,,,,,,,,,,,,,,,,,,,,,,,,,,,,,,,,,,,,,,
m,,,,,,,,,,,,,,,,elements,,,descriptions,,,,,,,,,,,,,,,,,,,Gothic,,,,,,Pure;high,,,,,,,,,,,,,,,,THEMONKs,,,loathsome,,,,,,,,,,,,,,,,,,,,,,,,,,,,,,,,,,,,,,,,,,,,,,,,,,,,,,,,,,,,,,,,,,,,,,,,,,,,,,,,,,,,,,,,,,,,,,,,,,,,,,,,,,
m,,,,,,,,,,,,,,,,elements,,,,,,,,,,,,,,,,,,,,,,Gothic,,,,,,Pure;high,,,,,,,,,,,,,,,,,,,,,,,,,,,,,,,,,,,,,,,,,,,,,,,,,,,,,,,,,,,,,,,Radcliffean,,,,,,,,,,romance,ruin,,,,,,,,,,,,,,,,,,,,,,,,,,,,,,,,,,,,,,,,numerous,,,,,,,,,,,
m,,,,,,,,,,,,,,,,,,,,,,,,,,,,,,,format,,,,,,,Gothic,,,,,,Pure;high,,,,,,,,,,,,journalistic,,,,,,,,,,,,,,,,,,,,,,,,,,,,,,,,,,,,,,,,,,,,,,,,,,,,,,,,,,,,,,,,,,,,,,,,,,,,,,,,,,,,,,,,,,,,,,,,,,,,,,,,,,,,,,,,,
m,,,,,,,,,,,,,,,,,,,,,,,,,,,,,,,,,,,,,,,Gothified,,,,,,history,,,,,,,,,,,,,,,,,,,,,,,,,,,,,,,,,,,,,,,,,,,,,,,,,,,,,,,,,,,,,,,,,,,,,,,,,,,,,,,,,,,,,,,,,,,,,,,,,,,,,,,,,,,,,,,,,,,,,,,,,,,,
m,,,,,,,,,,,,,,,,elements,,,,,,,,,,,,,,,,,,,,Rauberroman,,,,,,,,,,,,,,,,,,,,,,,,,,,,,,,,,,,,,,,,,,,,,,,,,,,,,,,,,,,,,,,,,,,,,,,Radcliffean,,,,,,,,,,,,,,,,,,,,,,,,,,,,,,,,,,,,,,,,,,,,,,,,,,,,,,various,,,,,,,,
m,,,,,,,,,,,,,,,,,,,,Domestic,,,,,,,,,,,,,,,,,,Gothic,,,,,,,,,,,,,,,,,,,,,,,,,,,,,,,,,,,,,,,,,,,,,,,,,,,,,,,,,,,,,,,,,,,,,,,,,,,,,,,,,,,,,,,,,,,,,,,apparitional,,,,,,,,,,,,,,,,,,,,,,,,,,,,,,,,,visitations,,,
m,,,,,,,,,,,,,,,,,,,,,,,,,,,,,,,,,,,,,,Gothic,,,,,,Pure;high,,,,,,,imitation,,,,,,,,,,,,,,,,,,,,,,,,,,,,,,,,,,,,,,,,,OTRANTO,,,,,,,,,,,,,,,,,,,,,,,,,,,,,,,,,,,,,,,,,,,,,,,,,,,,,,,,,,,,,,,,,,,,,,,,,,,,,
m,,,,,,,,,,,,,,,,episodes,,,,,,,,,,,,,,fiction,,,,,,,,,,,,,,,,,,,,,,,,,,,,,,,,,,,,,,,,,,,,,,,,,,,,,,,,,,,,,,,,,Picaresque,,,,,,,preGothic,,,,,,,,,,,,,,,,,,,,,,,,,,,,,,,,,,,,,,,,,,,,,,,,,,,,,,,,heavily;several,,,,,,,,,,,
m,,,,,,,,,,,,,,,,,,,,,,,,,,,,,,,,,,,,German;Rauberroman;Ritterroman,,,,,,,,,,,,,,,,,,,,,,,,,,,,,,,,,,,,,,,,,,,,,,,,,,,,,,,,,,,,,,,,,,,,,,,,,,,,,,,,,,,,,,,,,,,,,,,from,sham,,,,,,,,,,,,,,,,,,,,translation,,,,,,,,,,,,,,,,,
m,,,,,,,,,,,,,,,,features,,,,,,,,,,,,,,,,,,,,Schauerromantik,,Gothic,,,,,,Pure;high,,,,,,,imitation,,,,,,,,,THEMONK,,,,,,,,,,,,,,,,,,,,,,,,,,,,,,,,,,,,,,,,,,,,,,,,,,,,,,,,,,,,,,,,,,,,,,,,,,,,,,,,,,,,,,,,,,,,,,,,,,,,,,,,,,,,,
m,,,,,,,,,,,,,,,,,,,,,,,,,,,,,,,,,,,,German;Ritterroman,,,,,,,,,,,terror,,,,,,,,,,,,,,,,,,,,,mode,,,,,,,,,,,,,,,,,,,,,,,,,,,,,,,,,,,,,,,,,,,,,,,,,,,,,,,,,,,,,,,from;sources,sham,,speculative,,,,,,,,,,,,,,,,,,translation,,,,,,,,,,,,,,,,,
m,Sentimental,,,,,,,,,,,,,,,,,,,,,,,,,,,,,,,,,,,,,Gothic,,,,,,,,,,,,,imitation,,,,,,,,,,,,,,,,,,,,,,,,,,,,,,,,,,,,,,,,,,,,,,,,,,,,,,,,Radcliffean,,,,,,,,,,,,,,,,,,,,,,,,,,,,,,,,,,,,,,,,,,,,,,,,,,,,,,,,,,,,,,
m,,,,,,,,,,,,,,,,,,,,,,,,,,,,,,,,,,,,,,Gothic,,,,,,Pure;high,,,terror,,,,,,,,,,,,,,,,,,,,,mode,,,,,,,,,,,,,,,,,,,,,,,,,,,,,,,,,,,,,,,,,,,,,,,,,,,,,,,,,,,,,,,,,,,,,,,,,,,,,,,,,,,,,,,,,,,,,,,,,,,,,
m,,,,,,,,,,,,,,,,,,,,,,,,,,,,,,,,,,,,,,Gothic,Gothified,,,Grotto,,,history,,,,,,imitation,,,,,,,,,,,,,,,,,,,,,,,,,,,,,,,,,,,,,,,,,,,,,,,,,,,,,,,,,,,,,,,,,,,,,,,,,,,,,,,,,,,,,,,,,,,,,,,SophiaLees;THERECESS,,,,,,,,,,,,,,,,,,,,,,,
m,,,,,,,,,,,,,,,,,,,,,,,,,,,,,,,,,,,,,,Gothic,,,,,,Pure;high,,,,,,,imitation,,,,,,,,,,,,,,,,,,,,,,,,,,,,,,,,,,,,,,,,,THECASTLEOFOTRANTO,,,,,,,,,,,,,,,,,,,,,,,,,,,,,,,,,,,,,,,,,,,,,,,,,,,,,,,,,,,,,,,,,,,,,,,,,,,,,
m,,,,,,,,,,,,,,,,elements,,,,,,,,,,,,,,,,,,,,,Godwins,Gothic,,,,,,,,,,,,ideas,,,,,,,,,,,,,,,,,,,,,,,polemical;Philosophical,,polemical;Philosophical,polemical,,Philosophical,,,,,,,,,,,,,,,,,,,,,,,,,,,,,,reactions,,,,,,,,,,,,,,,,,,,,,,,,,,,,,,,,,,,,,,,,,,,,,,,,,,,,,,,,,,,,,
m,,,,,,,,,,,,,,,,elements,,,,,,,,,,,,,,fiction,,,,,,,,Gothic,,,,,,,,,,,,,,,,,,,,,,,,,,,,,,,,,,,Polemical,,Polemical,Polemical,,,,,,,,,,,,,,,,,,,,,,,,,,,,,,,,,,,,,,,,,,,,,,,,,,,,,,,,,,,,,,,,,,,,,,,,,,,,,,,,,,numerous,,,,,,,,,,,
m,,,,,,,,,,,,,,,,,,,,,,,,,,,,,,,,,,,,,,Gothic,,,,,,Pure;high,,,,,,,imitation,,,,,,,,,THEMONK,,,,,,,,,,,,,,,,,,,,,,,,,,,,,,,,,,,,,,,,,,,,,,,,,,,,,,,,,,,,,,,,,,,,,,,,,,,,,,,,,,,,,,,,,,,,,,,,,,,,,,,,,,,,,
m,,,,,,,,,,,,,,,,effects;strains,,,,,,,,,,,,,,,,,,,,Schauerromantik,,Gothic,,,,,,Pure;high,,horror,terror,horror-terror,,,,,,,,,,,,,,,,,,,,,,,,,,,,,,,,,,,,,,,,,,,,,,,,,,,,,,,,,,,,,,,,,,,,,,,,,,,,,,,,,,,,,,,,,,,,,,,,,,,,,,,,,,,,,,,,,,,,,,,,,
m,,,,,,,,,,,,,,,,,,,,,,,,,,,,,,,,,,,,,,Gothic,,,Gothics,,,Pure;high,,,,,,,,,,,,,,,,,,,,,,,,,,,,,,,,,,,,,,,,,,,,,,,,,,,,,,,,,,first;prototype,,,,,,,,,,,,,,,,,,,,,,,,,,,,,,,,,,,,,,,technical,,,,,,,,,,,,,,,,,,,,,,,,,,,,
m,,,,,,,,,,,,,,,,,,,,,,,,,,,,,,,,,,,,,,Gothic,,,,,,Pure;high,,,,,,,,,,,,,,,,,,Lelands;LONGSWORD,,,,,,,,,,,,,,,,,,,,,,,,,,,,,,THECASTLEOFOTRANTO,,,,,,,,,,,,,,,,,,,influence,,,,,,,,,,,,,,,,,,,,,,,,,,,,,,,,,,,,,,,,,,,,,,,,,,,,,,,,,,
m,,,,,,,,,,,,,,,,,,,,,,,,,,,,,,,,,,,,,,,Gothified,,,,,,history,,,,,,imitation,,,,,,,,,,,,,,,,,,,,,,,,,,,,,,,,,,,,novel,,,,,,,,,,,,,,,,,,,,,,Reeves;OLDENGLISHBARON,,,,,,,,,,,,,,,,,,,,,,,,,,,,,,,,,,,,,,,,,,,,,,,,,,,,,,,verse,,,,,
m,,,,,,,,,,,,,,,parody;burlesque;satiric,elements,,,,,,,,,,,,,,,,,,,,,,,Gothified,,,,,,history,,,,,,,,,,,,,,,,,,,,,,,,,,,,,,,,,,,,,,,,,,,,,,,,,,,,,,,,,,,,,,,,,,,,,,,,,,,,,,,,,,,,,,,,,,,,,,,,,,,,,,,,,,,,,,,,,,,,,,,,,,,,
m,,,,,,,,,,,,,,,,,,,,,,,,,,,,,,,,,,,,,,,Gothified,,,,,,history,,terror,,,,,,,,,,,,,,,,,,,,,mode,,,,,,,,,,,,,,,,,,,,,,,,,,,,,,,,,,,,,,,,,,,,,,,,,,,,,,,,,,,,,,,,,,,,,,,,,,,,,,,,,,,,,,,,,,,,,,,,,,,,,
m,,,,,,,,,,,,,,,,tendencies,,,,Domestic,,,,,,,,,,fiction,,,,,,,,Gothic,,,,,,,,,,,,,,,,,,,,,,,,,,,,,,,,,,,,,,,,,,,,,,,,,,,,,,,,,,,,,,,,,,,,,,,,,,,,,,,,,,,,,,,,,,,,,,,,,,,,,,,,,,,,,,,,,,,,,,,,,,,,,,,,,,,
m,,,,,,,,,,,,,,,,,,,,,,,,,,,,,,,,,,,,,,Gothic,Gothified,,,,,Pure;high,history,,terror,,,,imitation,,,,,,,,,,,,,,,,,mode,,,,,,,,,,,,,,,,,,,,,,,,,,,,,,,,,,,,,,,Radcliffean,,,,,,,,,,,,,,,,,,,,,,,,,,,,,,,,,,,,,,,,,,,,,,,,,,,,,,,,,,,,,,